ANO,"COMPETÊNCIA","MACROREGIÃO",UF,"CÓDIGO DO MUNICÍPIO","MUNICÍPIO",CNES,"NOME FANTASIA","RAZÃO SOCIAL","CNPJ DO ESTABELECIMENTO","CNPJ DA MANTENEDORA","ATIVIDADE PRINCIPAL","ATENDIMENTO PRESTADO","TIPO DO ESTABELECIMENTO","SUBTIPO DO ESTABELECIMENTO","TIPO NOVO DO ESTABELECIMENTO","NATUREZA JURÍDICA CATEGORIA","NATUREZA JURÍDICA","GESTÃO","CONVÊNIO SUS","NÍVEL DE ATENÇÃO","TURNO DE ATENDIMENTO","LEITOS EXISTENTES","LEITOS SUS","STATUS DO ESTABELECIMENTO",LOGRADOURO,"COMPLEMENTO DO ENDEREÇO",TELEFONE,CEP,BAIRRO,"E-MAIL","DIRETOR RESPONSÁVEL","DATA DO CADASTRO","DATA DE DESATIVAÇÃO",location
2026,"2026/04","CENTRO-OESTE",MS,500769,"SAO GABRIEL DO OESTE",8272654,DROGAMED,"PILTZ SANTOS LTDA","18.096.092/0001-10","N/A","008 ENTREGA/DISPENSACAO DE MEDICAMENTOS","PARTICULAR|OUTROS","43 FARMACIA","N/A","009 FARMACIA",PRIVADO,"2062 SOCIEDADE EMPRESARIA LIMITADA",MUNICIPAL,"NÃO","AMBULATORIAL - 02 MEDIA COMPLEXIDADE","04 ATENDIMENTO NOS TURNOS DA MANHA, TARDE E NOITE","-","-",ATIVO,"RUA DAS ANHUMAS - 1883","N/A","(67) 3295-4764","79491-090",FENIX,"drogamed?_adm@hotmail.com","MIRELI CARLA SANTOS SILVA","07/05/2026","-","-19.395504,-54.564607"
2026,"2026/04","CENTRO-OESTE",MS,500769,"SAO GABRIEL DO OESTE",7333218,"UNIDADE DE SAUDE DA FAMILIA X","PREFEITURA MUNICIPAL DE SAO GABRIEL DO OESTE","N/A","15.389.588/0001-94","012 ATENCAO BASICA","SUS|AMBULATORIAL","02 CENTRO DE SAUDE/UNIDADE BASICA","N/A","001 UNIDADE BASICA DE SAUDE","PÚBLICO","1244 MUNICIPIO",MUNICIPAL,SIM,"AMBULATORIAL - 01 ATENCAO BASICA","03 ATENDIMENTOS NOS TURNOS DA MANHA E A TARDE","-","-",ATIVO,"RUA MONTEIRO LOBATO - 1451","N/A","(67)99815-9465","79490-262","PRIMO MAFFISSONI","saude@saogabriel.ms.gov.br","SAMILLE SPETH STRELOW","16/09/2013","-","-19.400967,-54.580203"
2026,"2026/04","CENTRO-OESTE",MS,500769,"SAO GABRIEL DO OESTE",3907813,"DJAIR RODRIGO ANDREOLI","DJAIR RODRIGO ANDREOLI","N/A","N/A","001 CONSULTA AMBULATORIAL","PARTICULAR|AMBULATORIAL, PLANO DE SAUDE PRIVADO|AMBULATORIAL","22 CONSULTORIO ISOLADO","N/A","016 AMBULATORIO",PRIVADO,"4000 PESSOA FISICA",MUNICIPAL,"NÃO","AMBULATORIAL - 02 MEDIA COMPLEXIDADE","03 ATENDIMENTOS NOS TURNOS DA MANHA E A TARDE","-","-",ATIVO,"RUA JOSE FERREIRA DA CUNHA - 586","N/A","(45)99122 0446","79490-047",CENTRO,"psidrandreoli@gmail.com","DJAIR RODRIGO ANDREOLI","06/11/2022","-","-19.3959124,-54.5752141"
2026,"2026/04","CENTRO-OESTE",MS,500769,"SAO GABRIEL DO OESTE",9184619,"ASSOCIACAO UNIDOS DA FELIZ IDADE DE S GABRIEL DO OESTE","ASSOCIACAO UNIDOS DA FELIZ IDADE DE SAO GABRIEL DO OESTE","04.157.675/0001-08","N/A","016 PROMOCAO DA SAUDE, PREVENCAO DE DOENCAS E AGRAVOS E PRODUCAO DO CUIDADO","SUS|OUTROS","83 POLO DE PREVENCAO DE DOENCAS E AGRAVOS E PROMOCAO DA SAUDE","N/A","013 POLO DE PREVENCAO DE DOENCAS E AGRAVOS E PROMOCAO DA SAUDE","SEM FINS LUCRATIVOS","3999 ASSOCIACAO PRIVADA",MUNICIPAL,SIM,"AMBULATORIAL - 02 MEDIA COMPLEXIDADE","03 ATENDIMENTOS NOS TURNOS DA MANHA E A TARDE","-","-",ATIVO,"RUA BAHIA - 2290","N/A","(67)3295 4474","79490-021",CENTRO,"N/A","CRIS GONCALVES DE PAULA","05/04/2017","-","-19.3958501,-54.5781264"
2026,"2026/04","CENTRO-OESTE",MS,500769,"SAO GABRIEL DO OESTE",2591359,"UNIDADE DE SAUDE DA FAMILIA V","PREFEITURA MUNICIPAL DE SAO GABRIEL DO OESTE","N/A","15.389.588/0001-94","012 ATENCAO BASICA","SUS|AMBULATORIAL","02 CENTRO DE SAUDE/UNIDADE BASICA","N/A","001 UNIDADE BASICA DE SAUDE","PÚBLICO","1244 MUNICIPIO",MUNICIPAL,SIM,"AMBULATORIAL - 01 ATENCAO BASICA","03 ATENDIMENTOS NOS TURNOS DA MANHA E A TARDE","-","-",ATIVO,"AVENIDA GETULIO VARGAS - 307","N/A","(67)9972-6825","79490-039",CENTRO,"saude@saogabriel.ms.gov.br","ADRIANO CELSO GUIMARAES","05/06/2002","-","-19.396374,-54.567477"
2026,"2026/04","CENTRO-OESTE",MS,500769,"SAO GABRIEL DO OESTE",3142337,"LIGIA GARGIONI","LIGIA GARGIONI","N/A","N/A","001 CONSULTA AMBULATORIAL","PARTICULAR|AMBULATORIAL, PLANO DE SAUDE PRIVADO|AMBULATORIAL","22 CONSULTORIO ISOLADO","N/A","016 AMBULATORIO",PRIVADO,"4000 PESSOA FISICA",MUNICIPAL,"NÃO","AMBULATORIAL - 02 MEDIA COMPLEXIDADE","03 ATENDIMENTOS NOS TURNOS DA MANHA E A TARDE","-","-",ATIVO,"RUA RIO DE JANEIRO - 1130","N/A","(67) 3295-2665","79490-019",CENTRO,"N/A","LIGIA GARGIONI TOBIAS","03/08/2004","-","-19.395606,-54.564628"
2026,"2026/04","CENTRO-OESTE",MS,500769,"SAO GABRIEL DO OESTE",2370964,"UNIDADE DE SAUDE DA FAMILIA III","PREFEITURA MUNICIPAL DA SAO GABRIEL DO OESTE","N/A","15.389.588/0001-94","012 ATENCAO BASICA","SUS|AMBULATORIAL","02 CENTRO DE SAUDE/UNIDADE BASICA","N/A","001 UNIDADE BASICA DE SAUDE","PÚBLICO","1244 MUNICIPIO",MUNICIPAL,SIM,"AMBULATORIAL - 01 ATENCAO BASICA","03 ATENDIMENTOS NOS TURNOS DA MANHA E A TARDE","-","-",ATIVO,"RUA BAHIA - 2861","N/A","(67)99815-3350","79490-106","AMABILE MAFFISSONI","saude@saogabriel.ms.gov.br","MAYARA ANGELO","07/11/2001","-","-19.395909,-54.578211"
2026,"2026/04","CENTRO-OESTE",MS,500769,"SAO GABRIEL DO OESTE",9700110,"MS VISAO SGO","CLINICA MS VISAO SGO LTDA","32.301.331/0001-58","N/A","001 CONSULTA AMBULATORIAL","PARTICULAR|AMBULATORIAL, PLANO DE SAUDE PRIVADO|AMBULATORIAL","36 CLINICA/CENTRO DE ESPECIALIDADE","009 OUTROS","016 AMBULATORIO",PRIVADO,"2062 SOCIEDADE EMPRESARIA LIMITADA",MUNICIPAL,"NÃO","AMBULATORIAL - 02 MEDIA COMPLEXIDADE","01 ATENDIMENTO SOMENTE PELA MANHA","-","-",ATIVO,"AVENIDA GETULIO VARGAS - 125","N/A","(67) 3295 6259","79490-039",CENTRO,"msvisaosgo@gmail.com","ARTHUR FERNANDES RESENDE","11/02/2019","-","-19.399252,-54.572721"
2026,"2026/04","CENTRO-OESTE",MS,500769,"SAO GABRIEL DO OESTE",2846357,"FLAUZINO ODONTOLOGIA","FLAUZINO ODONTOLOGIA ESPECIALIZADA S S LTDA","42.768.191/0001-86","N/A","001 CONSULTA AMBULATORIAL","PARTICULAR|AMBULATORIAL, PLANO DE SAUDE PRIVADO|AMBULATORIAL","22 CONSULTORIO ISOLADO","N/A","016 AMBULATORIO",PRIVADO,"2240 SOCIEDADE SIMPLES LIMITADA",MUNICIPAL,"NÃO","AMBULATORIAL - 02 MEDIA COMPLEXIDADE","03 ATENDIMENTOS NOS TURNOS DA MANHA E A TARDE","-","-",ATIVO,"RUA GOIAS - 2108","N/A","(67) 3295-4637","79490-017",CENTRO,"flauzinodontologia@gmail.com","JORGE FLAUZINO BARBOSA FILHO","07/03/2022","-","-19.397286,-54.574949"
2026,"2026/04","CENTRO-OESTE",MS,500769,"SAO GABRIEL DO OESTE",9081798,"ARIANA FOLETTO NUNES","ARIANA FOLETTO NUNES","N/A","N/A","001 CONSULTA AMBULATORIAL","PARTICULAR|AMBULATORIAL, PLANO DE SAUDE PRIVADO|AMBULATORIAL","22 CONSULTORIO ISOLADO","N/A","016 AMBULATORIO",PRIVADO,"4000 PESSOA FISICA",MUNICIPAL,"NÃO","AMBULATORIAL - 02 MEDIA COMPLEXIDADE","03 ATENDIMENTOS NOS TURNOS DA MANHA E A TARDE","-","-",ATIVO,"RUA JOSE FERREIRA DA CUNHA - 586","SALA 06","(67)999766555","79490-047",CENTRO,"ariana.foletto@gmail.com","ARIANA FOLETTO NUNES","12/10/2016","-","-19.3959124,-54.5752141"
2026,"2026/04","CENTRO-OESTE",MS,500769,"SAO GABRIEL DO OESTE",7880472,"CER II SGO","MUNICIPIO DE SAO GABRIEL DO OESTE","N/A","15.389.588/0001-94","001 CONSULTA AMBULATORIAL","SUS|AMBULATORIAL","36 CLINICA/CENTRO DE ESPECIALIDADE","002 CENTRO ESPECIALIZADO EM REABILITAÇÃO (CER-II)","016 AMBULATORIO","PÚBLICO","1244 MUNICIPIO",MUNICIPAL,SIM,"AMBULATORIAL - 02 MEDIA COMPLEXIDADE","03 ATENDIMENTOS NOS TURNOS DA MANHA E A TARDE","-","-",ATIVO,"RUA RIO GRANDE DO SUL - 1360","N/A","N/A","79490-003",CENTRO,"N/A","PEDRO HENRIQUE DA SILVA","07/01/2016","-","-19.3933155,-54.5706607"
2026,"2026/04","CENTRO-OESTE",MS,500769,"SAO GABRIEL DO OESTE",9260285,"ODONTO VIDA","CONSULTORIO ODONTO VIDA LTDA","33.142.501/0001-61","N/A","001 CONSULTA AMBULATORIAL","PARTICULAR|AMBULATORIAL, PLANO DE SAUDE PRIVADO|AMBULATORIAL","22 CONSULTORIO ISOLADO","N/A","016 AMBULATORIO",PRIVADO,"2062 SOCIEDADE EMPRESARIA LIMITADA",MUNICIPAL,"NÃO","AMBULATORIAL - 02 MEDIA COMPLEXIDADE, AMBULATORIAL - 04 ALTA COMPLEXIDADE","04 ATENDIMENTO NOS TURNOS DA MANHA, TARDE E NOITE","-","-",ATIVO,"RUA MINAS GERAIS - 1390","N/A","(67)3295 5521","79490-011",CENTRO,"rafaella_penso@hotmail.com","RAFAELLA NAYARA PENSO","06/07/2017","-","-19.395525,-54.573683"
2026,"2026/04","CENTRO-OESTE",MS,500769,"SAO GABRIEL DO OESTE",4996984,"ISABELA LISBOA RODRIGUES LTDA","ISABELA LISBOA RODRIGUES LTDA","59.196.530/0001-08","N/A","001 CONSULTA AMBULATORIAL","PARTICULAR|AMBULATORIAL, PLANO DE SAUDE PRIVADO|AMBULATORIAL","22 CONSULTORIO ISOLADO","N/A","016 AMBULATORIO",PRIVADO,"2062 SOCIEDADE EMPRESARIA LIMITADA",MUNICIPAL,"NÃO","AMBULATORIAL - 02 MEDIA COMPLEXIDADE","01 ATENDIMENTO SOMENTE PELA MANHA","-","-",ATIVO,"RUA DEOCLECIO ZAMIGNAN - 1952","N/A","(67)99900 8877","79490-276","PRIMO MAFFISSONI","isabelalrlisboa@gmail.com","ISABELA LISBOA RODRIGUES","10/03/2025","-","-19.395521,-54.564569"
2026,"2026/04","CENTRO-OESTE",MS,500769,"SAO GABRIEL DO OESTE",5217571,"CONSULTORIO DR JULIO H LOPES","JOSE JULIO DE HOLANDA LOPES","N/A","N/A","001 CONSULTA AMBULATORIAL","PARTICULAR|AMBULATORIAL, PLANO DE SAUDE PRIVADO|AMBULATORIAL","22 CONSULTORIO ISOLADO","N/A","016 AMBULATORIO",PRIVADO,"4000 PESSOA FISICA",MUNICIPAL,"NÃO","AMBULATORIAL - 02 MEDIA COMPLEXIDADE","03 ATENDIMENTOS NOS TURNOS DA MANHA E A TARDE","-","-",ATIVO,"RUA BAHIA - 1359","N/A","(67) 3295-4162","79490-021",CENTRO,"jjhlopes@bol.com.br","JOSE JULIO DE HOLANDA LOPES","18/01/2007","-","-19.395727,-54.578039"
2026,"2026/04","CENTRO-OESTE",MS,500769,"SAO GABRIEL DO OESTE",2599376,"UNIDADE DE SAUDE DA FAMILIA VI","PREFEITURA MUNICIPAL DE SAO GABRIEL DOESTE","N/A","15.389.588/0001-94","012 ATENCAO BASICA","SUS|AMBULATORIAL","02 CENTRO DE SAUDE/UNIDADE BASICA","N/A","001 UNIDADE BASICA DE SAUDE","PÚBLICO","1244 MUNICIPIO",MUNICIPAL,SIM,"AMBULATORIAL - 01 ATENCAO BASICA","03 ATENDIMENTOS NOS TURNOS DA MANHA E A TARDE","-","-",ATIVO,"AVENIDA MATO GROSSO DO SUL - 1678","N/A","(67)9968-7759","79490-013",CENTRO,"saude@saogabriel.ms.gov.br","JESSICA ELOY CUNHA GONZALEZ","22/07/2002","-","-19.390262,-54.577953"
2026,"2026/04","CENTRO-OESTE",MS,500769,"SAO GABRIEL DO OESTE",7252420,"CLINICA DE FONOAUDIOLOGIA E PSICOLOGIA","CENTRO DE DESENVOLVIMENTO HUMANO E FONOAUDIOLOGIA LTDA","06.100.922/0001-57","N/A","001 CONSULTA AMBULATORIAL","PARTICULAR|AMBULATORIAL, PLANO DE SAUDE PRIVADO|AMBULATORIAL","22 CONSULTORIO ISOLADO","N/A","016 AMBULATORIO",PRIVADO,"2240 SOCIEDADE SIMPLES LIMITADA",MUNICIPAL,"NÃO","AMBULATORIAL - 02 MEDIA COMPLEXIDADE","03 ATENDIMENTOS NOS TURNOS DA MANHA E A TARDE","-","-",ATIVO,"AVENIDA SAO FRANCISCO - 1367","N/A","(67)999684536","79490-250","PRIMO MAFFISSONI","auriafono@hotmail.com","AURINEIDE ANDRADE ALVES","10/06/2013","-","-19.3950449,-54.5807945"
2026,"2026/04","CENTRO-OESTE",MS,500769,"SAO GABRIEL DO OESTE",6662137,"EDER LUIZ ROYG","EDER LUIZ ROYG","N/A","N/A","001 CONSULTA AMBULATORIAL","PARTICULAR|AMBULATORIAL, PLANO DE SAUDE PRIVADO|AMBULATORIAL, PLANO DE SAUDE PUBLICO|AMBULATORIAL","22 CONSULTORIO ISOLADO","N/A","016 AMBULATORIO",PRIVADO,"4000 PESSOA FISICA",MUNICIPAL,"NÃO","AMBULATORIAL - 02 MEDIA COMPLEXIDADE","03 ATENDIMENTOS NOS TURNOS DA MANHA E A TARDE","-","-",ATIVO,"RUA RIO DE JANEIRO - 1360",CENTRO,"067-32955191","79490-019",CENTRO,"ederortopedia@hotmail.com","EDER LUIZ ROYG","14/12/2010","-","-19.3953837,-54.5772754"
2026,"2026/04","CENTRO-OESTE",MS,500769,"SAO GABRIEL DO OESTE",4306007,"CLINICA JBBS","JOAO BAPTISTA BARBOSA SOUZA","31.093.126/0001-81","N/A","001 CONSULTA AMBULATORIAL","PARTICULAR|AMBULATORIAL, PLANO DE SAUDE PRIVADO|AMBULATORIAL","22 CONSULTORIO ISOLADO","N/A","016 AMBULATORIO",PRIVADO,"2135 EMPRESARIO (INDIVIDUAL)",MUNICIPAL,"NÃO","AMBULATORIAL - 02 MEDIA COMPLEXIDADE","07 ATENDIMENTO SOMENTE A NOITE","-","-",ATIVO,"AVENIDA GETULIO VARGAS - 125","SALA 07","(67)999142122","79490-039",CENTRO,"secretariadrjoaobaptista@hotmail.com","JOAO BAPTISTA BARBOSA SOUZA","10/09/2023","-","-19.3994348,-54.5730359"
2026,"2026/04","CENTRO-OESTE",MS,500769,"SAO GABRIEL DO OESTE",4665945,"NEUROKIDS SAO GABRIEL","ROCHA SIMAL LTDA","52.635.266/0001-04","N/A","001 CONSULTA AMBULATORIAL","PARTICULAR|AMBULATORIAL, PLANO DE SAUDE PRIVADO|AMBULATORIAL","22 CONSULTORIO ISOLADO","N/A","016 AMBULATORIO",PRIVADO,"2062 SOCIEDADE EMPRESARIA LIMITADA",MUNICIPAL,"NÃO","AMBULATORIAL - 02 MEDIA COMPLEXIDADE","03 ATENDIMENTOS NOS TURNOS DA MANHA E A TARDE","-","-",ATIVO,"RUA SANTA CATARINA - 1300","N/A","(67)99963 1559","79490-005",CENTRO,"neurokidssgo@gmail.com","ADRIANA SIMAL DE SOUZA","06/06/2024","-","-19.395646,-54.570293"
2026,"2026/04","CENTRO-OESTE",MS,500769,"SAO GABRIEL DO OESTE",3400964,"UNIDADE DE SAUDE DA FAMILIA RURAL VII","PREFEITURA MUNICIPAL DE SAO GABRIEL DO OESTE","N/A","15.389.588/0001-94","012 ATENCAO BASICA","SUS|AMBULATORIAL","02 CENTRO DE SAUDE/UNIDADE BASICA","N/A","001 UNIDADE BASICA DE SAUDE","PÚBLICO","1244 MUNICIPIO",MUNICIPAL,SIM,"AMBULATORIAL - 01 ATENCAO BASICA","03 ATENDIMENTOS NOS TURNOS DA MANHA E A TARDE","-","-",ATIVO,"AVENIDA GETULIO VARGAS - 307","N/A","(67)99972-6825","79490-039",CENTRO,"saude@saogabriel.ms.gov.br","JESSICA MONTEIRO DA SILVA OLIVEIRA","03/04/2005","-","-19.396374,-54.567477"
2026,"2026/04","CENTRO-OESTE",MS,500769,"SAO GABRIEL DO OESTE",8176132,"CASA ROSA","MUNICIPIO DE SAOGABRIEL DO OESTE","N/A","15.389.588/0001-94","001 CONSULTA AMBULATORIAL","SUS|AMBULATORIAL","36 CLINICA/CENTRO DE ESPECIALIDADE","009 OUTROS","016 AMBULATORIO","PÚBLICO","1244 MUNICIPIO",MUNICIPAL,SIM,"AMBULATORIAL - 02 MEDIA COMPLEXIDADE","03 ATENDIMENTOS NOS TURNOS DA MANHA E A TARDE","-","-",ATIVO,"AVENIDA MATO GROSSO DO SUL - 2130","N/A","N/A","79490-013",CENTRO,"casa_rosa@saogabriel.ms.gov.br","ANDREIA BARROS DOS SANTOS","21/03/2026","-","-19.395626,-54.564542"
2026,"2026/04","CENTRO-OESTE",MS,500769,"SAO GABRIEL DO OESTE",5261597,"CLINICA SALIS","CLERR LELIS DOS SANTOS LTDA","55.165.931/0001-31","N/A","001 CONSULTA AMBULATORIAL","PARTICULAR|AMBULATORIAL","22 CONSULTORIO ISOLADO","N/A","016 AMBULATORIO",PRIVADO,"2062 SOCIEDADE EMPRESARIA LIMITADA",MUNICIPAL,"NÃO","AMBULATORIAL - 02 MEDIA COMPLEXIDADE","03 ATENDIMENTOS NOS TURNOS DA MANHA E A TARDE","-","-",ATIVO,"RUA CEARA - 424","N/A","(67)99632 2499","79490-045",CENTRO,"clinicasalis@hotmail.com","CLERR LELIS DOS SANTOS COSTA","10/03/2025","-","-19.397037,-54.5745242"
2026,"2026/04","CENTRO-OESTE",MS,500769,"SAO GABRIEL DO OESTE",8266964,"FARMACIA PRECO POPULAR","CIA LATINO AMERICANA DE MEDICAMENTOS","84.683.481/0713-50","N/A","008 ENTREGA/DISPENSACAO DE MEDICAMENTOS","PARTICULAR|OUTROS","43 FARMACIA","N/A","009 FARMACIA",PRIVADO,"2054 SOCIEDADE ANONIMA FECHADA",MUNICIPAL,"NÃO","AMBULATORIAL - 02 MEDIA COMPLEXIDADE","04 ATENDIMENTO NOS TURNOS DA MANHA, TARDE E NOITE","-","-",ATIVO,"AVENIDA GETULIO VARGAS - 474","N/A","(47)3461-9900","79490-041",CENTRO,"regulatorio@clamed.com.br","GABRIELA CAMILO DE LIMA","07/05/2026","-","-19.395525,-54.564607"
2026,"2026/04","CENTRO-OESTE",MS,500769,"SAO GABRIEL DO OESTE",5472768,"CAS CENTRO DE ATENDIMENTO A SAUDE","APAE DE SAO GABRIEL DO OESTE","33.789.967/0002-34","33.789.967/0001-53","001 CONSULTA AMBULATORIAL","SUS|AMBULATORIAL","36 CLINICA/CENTRO DE ESPECIALIDADE","009 OUTROS","016 AMBULATORIO","SEM FINS LUCRATIVOS","3999 ASSOCIACAO PRIVADA",MUNICIPAL,SIM,"AMBULATORIAL - 02 MEDIA COMPLEXIDADE","03 ATENDIMENTOS NOS TURNOS DA MANHA E A TARDE","-","-",ATIVO,"RUA ALBINO DE SOUZA BRANDAO - 906","N/A","(67) 3295-1835","79490-057",CENTRO,"apaesgo@terra.com.br","CLAISE KLEEMANN","01/11/2007","-","-19.395565,-54.564628"
2026,"2026/04","CENTRO-OESTE",MS,500769,"SAO GABRIEL DO OESTE",6662153,"ULTRAMED SERVICOS MEDICOS E DIAGNOSTICOS","MELKE S S","10.894.068/0001-15","N/A","001 CONSULTA AMBULATORIAL","PARTICULAR|AMBULATORIAL, PLANO DE SAUDE PUBLICO|AMBULATORIAL","22 CONSULTORIO ISOLADO","N/A","016 AMBULATORIO",PRIVADO,"2232 SOCIEDADE SIMPLES PURA",MUNICIPAL,"NÃO","AMBULATORIAL - 02 MEDIA COMPLEXIDADE","03 ATENDIMENTOS NOS TURNOS DA MANHA E A TARDE","-","-",ATIVO,"RUA BAHIA - 1359","N/A","(67)3295 1570","79490-021",CENTRO,"drnelsonmelke@hotmail.com","NELSON EDUARDO MELKE","14/12/2010","-","-19.395889,-54.578275"
2026,"2026/04","CENTRO-OESTE",MS,500769,"SAO GABRIEL DO OESTE",4303563,"REALIZZARE INSTITUTO ODONTOLOGICO","VITORIA REGINA ARCE MICHELON","N/A","N/A","001 CONSULTA AMBULATORIAL","PARTICULAR|AMBULATORIAL, PLANO DE SAUDE PRIVADO|AMBULATORIAL","22 CONSULTORIO ISOLADO","N/A","016 AMBULATORIO",PRIVADO,"4000 PESSOA FISICA",MUNICIPAL,"NÃO","AMBULATORIAL - 02 MEDIA COMPLEXIDADE","03 ATENDIMENTOS NOS TURNOS DA MANHA E A TARDE","-","-",ATIVO,"AVENIDA JUSCELINO KUBITSCHEK - 525","SALA 3","N/A","79490-049",CENTRO,"vihmichelon@gmail.com","VITORIA REGINA ARCE MICHELON","10/09/2023","-","-19.39763,-54.581365"
2026,"2026/04","CENTRO-OESTE",MS,500769,"SAO GABRIEL DO OESTE",7350325,"SERVICO DE ATENDIMENTO MOVEL DE URGENCIA SAMU 192","PREFEITURA MUNICIPAL DE SAO GABRIEL DO OESTE","N/A","15.389.588/0001-94","007 ASSISTENCIA A EMERGENCIAS","SUS|URGENCIA","42 UNIDADE MOVEL DE NIVEL PRE-HOSPITALAR NA AREA DE URGENCIA","N/A","008 PRONTO ATENDIMENTO","PÚBLICO","1244 MUNICIPIO",MUNICIPAL,SIM,"AMBULATORIAL - 02 MEDIA COMPLEXIDADE","06 ATENDIMENTO CONTINUO DE 24 HORAS/DIA (PLANTAO:INCLUI SABADOS, DOMINGOS E FERIADOS)","-","-",ATIVO,"RUA MARECHAL FLORIANO - 795","N/A","N/A","79492-060",MILANI,"N/A","PAULA TATIANA GONDIM DA SILVA MEZZAROBA","13/10/2013","-","-19.395606,-54.566881"
2026,"2026/04","CENTRO-OESTE",MS,500769,"SAO GABRIEL DO OESTE",9864180,ULTRACARDIO,"CLINICA ULTRACARDIO LTDA","33.693.140/0001-41","N/A","001 CONSULTA AMBULATORIAL","PARTICULAR|AMBULATORIAL, PLANO DE SAUDE PRIVADO|AMBULATORIAL","22 CONSULTORIO ISOLADO","N/A","016 AMBULATORIO",PRIVADO,"2062 SOCIEDADE EMPRESARIA LIMITADA",MUNICIPAL,"NÃO","AMBULATORIAL - 02 MEDIA COMPLEXIDADE","03 ATENDIMENTOS NOS TURNOS DA MANHA E A TARDE","-","-",ATIVO,"AVENIDA SAO FRANCISCO - 2051","N/A","(67)99885 2402","79490-250","PRIMO MAFFISSONI","ultracardiosgo@hotmail.com","ELY DONIZETH DE ASSIS JUNIOR","07/08/2019","-","-19.394917,-54.580872"
2026,"2026/04","CENTRO-OESTE",MS,500769,"SAO GABRIEL DO OESTE",2902583,"NOVA GERACAO SAO FRANCISCO","NOVA GERACAO SAO FRANCISCO EM SAUDE LTDA","41.238.815/0001-90","N/A","001 CONSULTA AMBULATORIAL","PARTICULAR|AMBULATORIAL, PLANO DE SAUDE PRIVADO|AMBULATORIAL","22 CONSULTORIO ISOLADO","N/A","016 AMBULATORIO",PRIVADO,"2062 SOCIEDADE EMPRESARIA LIMITADA",MUNICIPAL,"NÃO","AMBULATORIAL - 02 MEDIA COMPLEXIDADE","03 ATENDIMENTOS NOS TURNOS DA MANHA E A TARDE","-","-",ATIVO,"RUA JOSE FERREIRA DA CUNHA - 485","SALA 02","(67) 3295 2155","79490-047",CENTRO,"novageracao.saofrancisco@gmail.com","RAFAELLA MARIA COSTA GOIS DE FIGUEIREDO","06/05/2022","-","-19.39595,-54.575293"
2026,"2026/04","CENTRO-OESTE",MS,500769,"SAO GABRIEL DO OESTE",2659603,"HOSPITAL MUNICIPAL JOSE VALDIR ANTUNES DE OLIVEIRA","MUNICIPIO DE SAO GABRIEL DO OESTE","N/A","15.389.588/0001-94","009 INTERNACAO","SUS|AMBULATORIAL, SUS|INTERNACAO, SUS|SADT, SUS|URGENCIA","05 HOSPITAL GERAL","N/A","006 HOSPITAL","PÚBLICO","1244 MUNICIPIO",MUNICIPAL,SIM,"AMBULATORIAL - 02 MEDIA COMPLEXIDADE, HOSPITALAR - 05 MEDIA COMPLEXIDADE","06 ATENDIMENTO CONTINUO DE 24 HORAS/DIA (PLANTAO:INCLUI SABADOS, DOMINGOS E FERIADOS)",41,41,ATIVO,"RUA JOAO EVANGELISTA ROSA - 1156","N/A","(67) 32953206","79490-043",CENTRO,"hmsgo@top.com.br","GISELI ROSINA","25/02/2003","-","-19.3940318,-54.5803199"
2026,"2026/04","CENTRO-OESTE",MS,500769,"SAO GABRIEL DO OESTE",9672133,"FREDERICO MARCONDES NETO","FREDERICO MARCONDES NETO","N/A","N/A","001 CONSULTA AMBULATORIAL","PARTICULAR|AMBULATORIAL, PLANO DE SAUDE PRIVADO|AMBULATORIAL","22 CONSULTORIO ISOLADO","N/A","016 AMBULATORIO",PRIVADO,"4000 PESSOA FISICA",MUNICIPAL,"NÃO","AMBULATORIAL - 02 MEDIA COMPLEXIDADE","02 ATENDIMENTO SOMENTE A TARDE","-","-",ATIVO,"AVENIDA GETULIO VARGAS - 757","SALA 112","(67)99962 5886","79490-039",CENTRO,"fredneto1967@hotmail.com","FREDERICO MARCONDES NETO","07/12/2018","-","-19.39935,-54.572932"
2026,"2026/04","CENTRO-OESTE",MS,500769,"SAO GABRIEL DO OESTE",4946057,"DIAS E BASILIO SERVICOS MEDICOS","DIAS BASILIO SERVICOS MEDICOS LTDA","37.596.987/0001-69","N/A","001 CONSULTA AMBULATORIAL","PARTICULAR|AMBULATORIAL, PLANO DE SAUDE PRIVADO|AMBULATORIAL","22 CONSULTORIO ISOLADO","N/A","016 AMBULATORIO",PRIVADO,"2062 SOCIEDADE EMPRESARIA LIMITADA",MUNICIPAL,"NÃO","AMBULATORIAL - 02 MEDIA COMPLEXIDADE","02 ATENDIMENTO SOMENTE A TARDE","-","-",ATIVO,"RUA JOSE FERREIRA DA CUNHA - 586","N/A","(67) 99831 7890","79490-047",CENTRO,"dramariafernandabasilio@gmail.com","MARIA FERNANDA DIAS BASILIO","07/01/2025","-","-19.3959124,-54.5752141"
2026,"2026/04","CENTRO-OESTE",MS,500769,"SAO GABRIEL DO OESTE",7859260,"GERUSA CARDOSO PETRONILHO PRATA","GERUSA CARDOSO PETRONILHO PRATA","N/A","N/A","001 CONSULTA AMBULATORIAL","PLANO DE SAUDE PRIVADO|AMBULATORIAL","22 CONSULTORIO ISOLADO","N/A","016 AMBULATORIO",PRIVADO,"4000 PESSOA FISICA",MUNICIPAL,"NÃO","AMBULATORIAL - 02 MEDIA COMPLEXIDADE","03 ATENDIMENTOS NOS TURNOS DA MANHA E A TARDE","-","-",ATIVO,"RUA MARTIMIANO ALVES DIAS - 920","N/A","067-32952790","79490-037",CENTRO,"N/A","GERUSA CARDOSO PETRONILHO PRATA","19/11/2015","-","-19.395585,-54.564564"
2026,"2026/04","CENTRO-OESTE",MS,500769,"SAO GABRIEL DO OESTE",9668454,"THAIS MUNHOS CHICHARO","THAIS MUNHOS CHICHARO","N/A","N/A","001 CONSULTA AMBULATORIAL","PARTICULAR|AMBULATORIAL, PLANO DE SAUDE PRIVADO|AMBULATORIAL","22 CONSULTORIO ISOLADO","N/A","016 AMBULATORIO",PRIVADO,"4000 PESSOA FISICA",MUNICIPAL,"NÃO","AMBULATORIAL - 02 MEDIA COMPLEXIDADE","03 ATENDIMENTOS NOS TURNOS DA MANHA E A TARDE","-","-",ATIVO,"AVENIDA MATO GROSSO DO SUL - 1581","N/A","(67)99807 1682","79490-015",CENTRO,"thais7munhos@hotmail.com","THAIS MUNHOS CHICHARO","07/12/2018","-","-19.39006,-54.578061"
2026,"2026/04","CENTRO-OESTE",MS,500769,"SAO GABRIEL DO OESTE",9148051,"ANGELA PRISCILA JUNQUEIRA DE LIMA SILVA","ANGELA PRISCILA JUNQUEIRA DE LIMA SILVA","N/A","N/A","001 CONSULTA AMBULATORIAL","PLANO DE SAUDE PRIVADO|AMBULATORIAL","22 CONSULTORIO ISOLADO","N/A","016 AMBULATORIO",PRIVADO,"4000 PESSOA FISICA",MUNICIPAL,"NÃO","AMBULATORIAL - 02 MEDIA COMPLEXIDADE","03 ATENDIMENTOS NOS TURNOS DA MANHA E A TARDE","-","-",ATIVO,"RUA ESPIRITO SANTO - 2015","N/A","(67) 32952661","79490-023",CENTRO,"angela.priscila.orto@hotmail.com","ANGELA PRISCILA JUNQUEIRA DE LIMA SILVA","06/02/2017","-","-19.396294,-54.578897"
2026,"2026/04","CENTRO-OESTE",MS,500769,"SAO GABRIEL DO OESTE",5947251,"RAFAEL CANDIDO MAIA SERVICOS MEDICOS LTDA","RAFAEL CANDIDO MAIA SERVICOS MEDICOS LTDA","48.969.852/0002-07","N/A","001 CONSULTA AMBULATORIAL","PARTICULAR|AMBULATORIAL, PLANO DE SAUDE PRIVADO|AMBULATORIAL","22 CONSULTORIO ISOLADO","N/A","016 AMBULATORIO",PRIVADO,"2062 SOCIEDADE EMPRESARIA LIMITADA",MUNICIPAL,"NÃO","AMBULATORIAL - 02 MEDIA COMPLEXIDADE","03 ATENDIMENTOS NOS TURNOS DA MANHA E A TARDE","-","-",ATIVO,"AVENIDA SAO FRANCISCO - 2051","N/A","(67)99235 0005","79490-250","PRIMO MAFFISSONI","rafaelmais250@gmail.com","RAFAEL CANDIDO MAIA","09/10/2025","-","-19.394998,-54.580786"
2026,"2026/04","CENTRO-OESTE",MS,500769,"SAO GABRIEL DO OESTE",3674177,"CONSULTORIO DE ENDOSCOPIA","EVA WILMA ABDO DOS SANTOS GUIMARAES","15.623.504/0001-35","N/A","001 CONSULTA AMBULATORIAL","PARTICULAR|AMBULATORIAL, PLANO DE SAUDE PRIVADO|AMBULATORIAL","22 CONSULTORIO ISOLADO","N/A","016 AMBULATORIO",PRIVADO,"2062 SOCIEDADE EMPRESARIA LIMITADA",MUNICIPAL,"NÃO","AMBULATORIAL - 02 MEDIA COMPLEXIDADE","02 ATENDIMENTO SOMENTE A TARDE","-","-",ATIVO,"RUA MARTIMIANO ALVES DIAS - 90","N/A","(67) 3295-2504","79490-037",CENTRO,"N/A","EVA WILMA ABDO DOS SANTOS GUIMARAES","03/12/2005","-","-19.395525,-54.564692"
2026,"2026/04","CENTRO-OESTE",MS,500769,"SAO GABRIEL DO OESTE",9496408,"ESPACO SAUDE ODONTOLOGIA","THAIS VEFAGO DE OLIVEIRA","N/A","N/A","001 CONSULTA AMBULATORIAL","PARTICULAR|AMBULATORIAL, PLANO DE SAUDE PRIVADO|AMBULATORIAL","22 CONSULTORIO ISOLADO","N/A","016 AMBULATORIO",PRIVADO,"4000 PESSOA FISICA",MUNICIPAL,"NÃO","AMBULATORIAL - 02 MEDIA COMPLEXIDADE","03 ATENDIMENTOS NOS TURNOS DA MANHA E A TARDE","-","-",ATIVO,"RUA ESPIRITO SANTO - 1657","SALA 01","(67) 32951033","79490-023",CENTRO,"thaivefago@gmail.com","THAIS VEFAGO DE OLIVEIRA","08/05/2018","-","-19.396172,-54.578897"
2026,"2026/04","CENTRO-OESTE",MS,500769,"SAO GABRIEL DO OESTE",2370999,"UNIDADE DE SAUDE DA FAMILIA FENIX IV","PREFEITURA MUNICIPAL DE SAO GABRIEL DO OESTE","N/A","15.389.588/0001-94","012 ATENCAO BASICA","SUS|AMBULATORIAL, SUS|OUTROS","02 CENTRO DE SAUDE/UNIDADE BASICA","N/A","001 UNIDADE BASICA DE SAUDE","PÚBLICO","1244 MUNICIPIO",MUNICIPAL,SIM,"AMBULATORIAL - 01 ATENCAO BASICA","03 ATENDIMENTOS NOS TURNOS DA MANHA E A TARDE","-","-",ATIVO,"RUA QUERO QUERO - 602","N/A","(67)9969-6205","79491-058",FENIX,"N/A","MAIARA RAMOS DA SILVA","07/11/2001","-","-19.377022,-54.597723"
2026,"2026/04","CENTRO-OESTE",MS,500769,"SAO GABRIEL DO OESTE",0947148,"PSICOLOGA CAROLINE GARCIA DE OLIVEIRA","CAROLINE GARCIA DE OLIVEIRA","N/A","N/A","001 CONSULTA AMBULATORIAL","PARTICULAR|AMBULATORIAL, PLANO DE SAUDE PRIVADO|AMBULATORIAL","22 CONSULTORIO ISOLADO","N/A","016 AMBULATORIO",PRIVADO,"4000 PESSOA FISICA",MUNICIPAL,"NÃO","AMBULATORIAL - 02 MEDIA COMPLEXIDADE","02 ATENDIMENTO SOMENTE A TARDE","-","-",ATIVO,"AVENIDA SAO FRANCISCO - 1367","SALA 07","N/A","79490-025",CENTRO,"carolinegarciapsi@gmail.com","CAROLINE GARCIA DE OLIVEIRA","04/12/2021","-","-19.395079,-54.580786"
2026,"2026/04","CENTRO-OESTE",MS,500769,"SAO GABRIEL DO OESTE",4523318,"PALOMBO MENDES SERVICOS MEDICOS","ANTONIO AUGUSTO PALOMBO MENDES LDTA","54.103.447/0001-15","N/A","001 CONSULTA AMBULATORIAL","PARTICULAR|AMBULATORIAL, PLANO DE SAUDE PRIVADO|AMBULATORIAL","22 CONSULTORIO ISOLADO","N/A","016 AMBULATORIO",PRIVADO,"2062 SOCIEDADE EMPRESARIA LIMITADA",MUNICIPAL,"NÃO","AMBULATORIAL - 02 MEDIA COMPLEXIDADE","03 ATENDIMENTOS NOS TURNOS DA MANHA E A TARDE","-","-",ATIVO,"AVENIDA MATO GROSSO DO SUL - 1054","N/A","(67)99942 8200","79490-013",CENTRO,"antonioapalombo@gmail.com","ANTONIO AUGUSTO PALOMBO MENDES","04/04/2024","-","-19.390242,-54.577953"
2026,"2026/04","CENTRO-OESTE",MS,500769,"SAO GABRIEL DO OESTE",8116415,"NM SAUDE","TALINE CARVALHO DOS SANTOS","64.407.283/0001-73","N/A","001 CONSULTA AMBULATORIAL","PARTICULAR|AMBULATORIAL, PLANO DE SAUDE PRIVADO|AMBULATORIAL","22 CONSULTORIO ISOLADO","N/A","016 AMBULATORIO",PRIVADO,"2135 EMPRESARIO (INDIVIDUAL)",MUNICIPAL,"NÃO","AMBULATORIAL - 02 MEDIA COMPLEXIDADE","03 ATENDIMENTOS NOS TURNOS DA MANHA E A TARDE","-","-",ATIVO,"RUA JOSE FERREIRA DA CUNHA - 586","SALA 09","(67)99891 8302","79490-047",CENTRO,"nm_medicinadotrabalho@outlook.com","TALINE CARVALHO DOS SANTOS","06/02/2026","-","-19.3959124,-54.5752141"
2026,"2026/04","CENTRO-OESTE",MS,500769,"SAO GABRIEL DO OESTE",0705594,"CAMILA GUERINI DESENGRINI","CAMILA GUERINI DESENGRINI","N/A","N/A","001 CONSULTA AMBULATORIAL","PARTICULAR|AMBULATORIAL, PLANO DE SAUDE PRIVADO|AMBULATORIAL","22 CONSULTORIO ISOLADO","N/A","016 AMBULATORIO",PRIVADO,"4000 PESSOA FISICA",MUNICIPAL,"NÃO","AMBULATORIAL - 02 MEDIA COMPLEXIDADE","03 ATENDIMENTOS NOS TURNOS DA MANHA E A TARDE","-","-",ATIVO,"RUA PARANA - 1966","N/A","(67)996552205","79490-007",CENTRO,"camila-guerini@hotmail.com","CAMILA GUERINI DESENGRINI","05/05/2021","-","-19.3907584,-54.5744428"
2026,"2026/04","CENTRO-OESTE",MS,500769,"SAO GABRIEL DO OESTE",2370956,"UNIDADE BASICA DE ATENDIMENTO ESPECIALIZADO","PREFEITURA MUNICIPAL DE SAO GABRIEL DO OESTE","N/A","15.389.588/0001-94","001 CONSULTA AMBULATORIAL","SUS|AMBULATORIAL, SUS|OUTROS","02 CENTRO DE SAUDE/UNIDADE BASICA","N/A","016 AMBULATORIO","PÚBLICO","1244 MUNICIPIO",MUNICIPAL,SIM,"AMBULATORIAL - 02 MEDIA COMPLEXIDADE","04 ATENDIMENTO NOS TURNOS DA MANHA, TARDE E NOITE","-","-",ATIVO,"AVENIDA ARAPONGAS - 747","N/A","(67)32952456","79491-034","JARDIM GRAMADO","N/A","ADRIANA SIMAL DE SOUZA","07/11/2001","-","-19.395383,-54.56465"
2026,"2026/04","CENTRO-OESTE",MS,500769,"SAO GABRIEL DO OESTE",9231471,"CLUBE DE LACO","CLUBE DE LACO LIBERATO MAFFISSONI","37.226.743/0001-94","N/A","016 PROMOCAO DA SAUDE, PREVENCAO DE DOENCAS E AGRAVOS E PRODUCAO DO CUIDADO","SUS|OUTROS","83 POLO DE PREVENCAO DE DOENCAS E AGRAVOS E PROMOCAO DA SAUDE","N/A","013 POLO DE PREVENCAO DE DOENCAS E AGRAVOS E PROMOCAO DA SAUDE","SEM FINS LUCRATIVOS","3999 ASSOCIACAO PRIVADA",MUNICIPAL,SIM,"AMBULATORIAL - 02 MEDIA COMPLEXIDADE","03 ATENDIMENTOS NOS TURNOS DA MANHA E A TARDE","-","-",ATIVO,"RUA FRANCISCO MILANI - S/N","N/A","(67) 3295 6574","79492-068",MILANI,"pontual@contabilidadepontual.net","SUMARA SITTA GUIMARAES NOVAIS","06/06/2017","-","-19.3945328,-54.5653497"
2026,"2026/04","CENTRO-OESTE",MS,500769,"SAO GABRIEL DO OESTE",3691500,"NUCLEO MEDICO","NUCLEO MEDICO LDTA","46.970.790/0001-39","N/A","001 CONSULTA AMBULATORIAL","PARTICULAR|AMBULATORIAL, PLANO DE SAUDE PRIVADO|AMBULATORIAL","22 CONSULTORIO ISOLADO","N/A","016 AMBULATORIO",PRIVADO,"2062 SOCIEDADE EMPRESARIA LIMITADA",MUNICIPAL,"NÃO","AMBULATORIAL - 02 MEDIA COMPLEXIDADE","03 ATENDIMENTOS NOS TURNOS DA MANHA E A TARDE","-","-",ATIVO,"RUA JOSE FERREIRA DA CUNHA - 586","SALA 02 03 E 04","(67) 3295-1192","79490-047",CENTRO,"nucleomedicosgo@gmail.com","CLEIDE CARVALHO SILVA DOS SANTOS","08/12/2005","-","-19.395808,-54.574971"
2026,"2026/04","CENTRO-OESTE",MS,500769,"SAO GABRIEL DO OESTE",0284629,"ISIS FINARDI","ISIS FINARDI","N/A","N/A","001 CONSULTA AMBULATORIAL","PARTICULAR|AMBULATORIAL, PLANO DE SAUDE PRIVADO|AMBULATORIAL","22 CONSULTORIO ISOLADO","N/A","016 AMBULATORIO",PRIVADO,"4000 PESSOA FISICA",MUNICIPAL,"NÃO","AMBULATORIAL - 02 MEDIA COMPLEXIDADE","03 ATENDIMENTOS NOS TURNOS DA MANHA E A TARDE","-","-",ATIVO,"AVENIDA GETULIO VARGAS - 757","SALA 204","N/A","79490-039",CENTRO,"N/A","ISIS FINARDI","03/09/2020","-","-19.399309,-54.573125"
2026,"2026/04","CENTRO-OESTE",MS,500769,"SAO GABRIEL DO OESTE",4611004,"ENDO ORTHOS","LAZARI E OGUCHI CENTRO MEDICO LTDA","40.659.789/0001-01","N/A","001 CONSULTA AMBULATORIAL","PARTICULAR|AMBULATORIAL, PARTICULAR|SADT, PLANO DE SAUDE PRIVADO|AMBULATORIAL, PLANO DE SAUDE PRIVADO|SADT","22 CONSULTORIO ISOLADO","N/A","016 AMBULATORIO",PRIVADO,"2062 SOCIEDADE EMPRESARIA LIMITADA",MUNICIPAL,"NÃO","AMBULATORIAL - 02 MEDIA COMPLEXIDADE","03 ATENDIMENTOS NOS TURNOS DA MANHA E A TARDE","-","-",ATIVO,"AVENIDA SAO FRANCISCO - 1367","SALAS 16 17 E 18","(67) 99605 6128","79490-250","PRIMO MAFFISSONI","cloves-amorim@hotmail.com","CLOVES DE LAZARI AMORIM","07/05/2024","-","-19.3950449,-54.5807945"
2026,"2026/04","CENTRO-OESTE",MS,500769,"SAO GABRIEL DO OESTE",6702546,ASMET,"ASSESORIA EM SEGURANCA E MEDICINA DO TRABALHO LTDA","03.942.894/0001-27","N/A","001 CONSULTA AMBULATORIAL","PARTICULAR|AMBULATORIAL","22 CONSULTORIO ISOLADO","N/A","016 AMBULATORIO",PRIVADO,"2062 SOCIEDADE EMPRESARIA LIMITADA",MUNICIPAL,"NÃO","AMBULATORIAL - 02 MEDIA COMPLEXIDADE","03 ATENDIMENTOS NOS TURNOS DA MANHA E A TARDE","-","-",ATIVO,"RUA JOSE FERREIRA DA CUNHA - 485","N/A","(67)3295 2155","79490-047",CENTRO,"asmetfinanceiro@hotmail.com","OSVALDO GOIS FIGUEIREDO","24/03/2011","-","-19.395889,-54.575164"
2026,"2026/04","CENTRO-OESTE",MS,500769,"SAO GABRIEL DO OESTE",5814618,CEO,"PREFEITURA MUNICIPAL DE SAO GABRIEL DO OESTE","N/A","15.389.588/0001-94","001 CONSULTA AMBULATORIAL","SUS|AMBULATORIAL","36 CLINICA/CENTRO DE ESPECIALIDADE","006 CEO-I","016 AMBULATORIO","PÚBLICO","1244 MUNICIPIO",MUNICIPAL,SIM,"AMBULATORIAL - 02 MEDIA COMPLEXIDADE","03 ATENDIMENTOS NOS TURNOS DA MANHA E A TARDE","-","-",ATIVO,"RUA MARTIMIANO ALVES DIAS - 1211","N/A","(67)9815-3350","79490-318","PRIMO MAFFISSONI","N/A","MARIA TEREZINHA BARBOSA PASQUALI","20/05/2008","-","-19.395565,-54.56465"
2026,"2026/04","CENTRO-OESTE",MS,500769,"SAO GABRIEL DO OESTE",6409474,GINECOCLIN,"LUCINALDO BASSO","N/A","N/A","001 CONSULTA AMBULATORIAL","PARTICULAR|AMBULATORIAL, PLANO DE SAUDE PRIVADO|AMBULATORIAL","22 CONSULTORIO ISOLADO","N/A","016 AMBULATORIO",PRIVADO,"4000 PESSOA FISICA",MUNICIPAL,"NÃO","AMBULATORIAL - 02 MEDIA COMPLEXIDADE","03 ATENDIMENTOS NOS TURNOS DA MANHA E A TARDE","-","-",ATIVO,"CEARA - 484","N/A","067- 3295-1333","79490-045",CENTRO,"bassomed@gmail.com","LUCINALDO BASSO","15/12/2009","-","-19.397063,-54.574563"
2026,"2026/04","CENTRO-OESTE",MS,500769,"SAO GABRIEL DO OESTE",6666256,"CONSULTORIO ODONTOLOGICO","CONSULTORIO ODONTOLOGICO","N/A","N/A","001 CONSULTA AMBULATORIAL","PARTICULAR|AMBULATORIAL, PLANO DE SAUDE PUBLICO|AMBULATORIAL","22 CONSULTORIO ISOLADO","N/A","016 AMBULATORIO",PRIVADO,"4000 PESSOA FISICA",MUNICIPAL,"NÃO","AMBULATORIAL - 02 MEDIA COMPLEXIDADE","03 ATENDIMENTOS NOS TURNOS DA MANHA E A TARDE","-","-",ATIVO,"RUA SANTA CATARINA - 1309","N/A","(67)32952978","79490-005",CENTRO,"N/A","ROBERTO YUDI MORI","08/01/2011","-","-19.395793,-54.5702178"
2026,"2026/04","CENTRO-OESTE",MS,500769,"SAO GABRIEL DO OESTE",7002084,"UNIDADE DE SAUDE DA FAMILIA IX","PREFEITURA MUNICIPAL DE SAO GABRIEL DO OESTE","N/A","15.389.588/0001-94","012 ATENCAO BASICA","SUS|AMBULATORIAL, SUS|OUTROS","02 CENTRO DE SAUDE/UNIDADE BASICA","N/A","001 UNIDADE BASICA DE SAUDE","PÚBLICO","1244 MUNICIPIO",MUNICIPAL,SIM,"AMBULATORIAL - 01 ATENCAO BASICA","03 ATENDIMENTOS NOS TURNOS DA MANHA E A TARDE","-","-",ATIVO,"RUA DAS PERDIZES - 1067","N/A","(67)99819-1374","79491-192","SAO CRISTOVAO","saude@saogabriel.ms.gov.br","FELIPE NERIS GARCIA","11/05/2012","-","-19.376575,-54.588181"
2026,"2026/04","CENTRO-OESTE",MS,500769,"SAO GABRIEL DO OESTE",9231862,"ELAINE MARIA ZAMIGNAN HENRIQUE","ELAINE MARIA ZAMIGNAN HENRIQUE","N/A","N/A","001 CONSULTA AMBULATORIAL","PARTICULAR|AMBULATORIAL, PLANO DE SAUDE PRIVADO|AMBULATORIAL","22 CONSULTORIO ISOLADO","N/A","016 AMBULATORIO",PRIVADO,"4000 PESSOA FISICA",MUNICIPAL,"NÃO","AMBULATORIAL - 02 MEDIA COMPLEXIDADE","03 ATENDIMENTOS NOS TURNOS DA MANHA E A TARDE","-","-",ATIVO,"RUA GOIAS - 1404","N/A","(67) 3295 1374","79490-017",CENTRO,"elaine.mz@hotmail.com","ELAINE MARIA ZAMIGNAN HENRIQUE","06/06/2017","-","-19.3972232,-54.5750369"
2026,"2026/04","CENTRO-OESTE",MS,500769,"SAO GABRIEL DO OESTE",5548616,"SAO JOSE SERVICOS MEDICOS","SAO JOSE SERVICOS MEDICOS LTDA","33.763.358/0001-25","N/A","001 CONSULTA AMBULATORIAL","PARTICULAR|AMBULATORIAL, PLANO DE SAUDE PRIVADO|AMBULATORIAL","22 CONSULTORIO ISOLADO","N/A","016 AMBULATORIO",PRIVADO,"2062 SOCIEDADE EMPRESARIA LIMITADA",MUNICIPAL,"NÃO","AMBULATORIAL - 02 MEDIA COMPLEXIDADE","02 ATENDIMENTO SOMENTE A TARDE","-","-",ATIVO,"AVENIDA RUI BARBOSA - 1399","N/A","(67)996892581","79490-272",CENTRO,"margarete1008@hottmail.com","GILBERT MAIRINK RODRIGUES","08/05/2025","-","-19.400989,-54.581794"
2026,"2026/04","CENTRO-OESTE",MS,500769,"SAO GABRIEL DO OESTE",8176116,"CENTRAL DE REGULACAO","MUNICIPIO DE SAO GABRIEL DO OESTE","N/A","15.389.588/0001-94","023 REGULACAO ASSISTENCIAL","SUS|REGULACAO","81 CENTRAL DE REGULACAO DO ACESSO","N/A","003 CENTRAL DE REGULACAO","PÚBLICO","1244 MUNICIPIO",MUNICIPAL,SIM,"AMBULATORIAL - 02 MEDIA COMPLEXIDADE","03 ATENDIMENTOS NOS TURNOS DA MANHA E A TARDE","-","-",ATIVO,"AVENIDA MATO GROSSO DO SUL - 2130","N/A","N/A","79490-013",CENTRO,"regulacao.sgo@saogabriel.ms.gov.br","CLEIDIANE MASCARELLO","21/03/2026","-","-19.395423,-54.564585"
2026,"2026/04","CENTRO-OESTE",MS,500769,"SAO GABRIEL DO OESTE",7181973,"LABORATORIO DE PROTESES","APARECIDO CARLOS CHICHARO ME","33.765.603/0001-33","N/A","027 CONFECCAO DE ORTESES E PROTESES DENTARIAS","PARTICULAR|SADT","39 UNIDADE DE APOIO DIAGNOSE E TERAPIA (SADT ISOLADO)","N/A","020 LABORATORIO DE PROTESE DENTARIA",PRIVADO,"2135 EMPRESARIO (INDIVIDUAL)",MUNICIPAL,"NÃO","AMBULATORIAL - 02 MEDIA COMPLEXIDADE","03 ATENDIMENTOS NOS TURNOS DA MANHA E A TARDE","-","-",ATIVO,"AVENIDA GETULIO VARGAS - 757","N/A","067-32951396","79490-039",CENTRO,"N/A","APARECIDO CARLOS CHICHARO","08/03/2013","-","-19.399512,-54.573125"
2026,"2026/04","CENTRO-OESTE",MS,500769,"SAO GABRIEL DO OESTE",0206962,"AMANDA PEDIATRA","CLINICA AMANDA PEDIATRA LTDA","37.098.962/0001-35","N/A","001 CONSULTA AMBULATORIAL","PARTICULAR|AMBULATORIAL, PLANO DE SAUDE PRIVADO|AMBULATORIAL","22 CONSULTORIO ISOLADO","N/A","016 AMBULATORIO",PRIVADO,"2062 SOCIEDADE EMPRESARIA LIMITADA",MUNICIPAL,"NÃO","AMBULATORIAL - 02 MEDIA COMPLEXIDADE","03 ATENDIMENTOS NOS TURNOS DA MANHA E A TARDE","-","-",ATIVO,"RUA ESPIRITO SANTO - 1657","N/A","67 99929 0995","79490-023",CENTRO,"amandanantes1303@hotmail.com","AMANDA NANTES AQUINO","08/07/2020","-","-19.396233,-54.578919"
2026,"2026/04","CENTRO-OESTE",MS,500769,"SAO GABRIEL DO OESTE",0781371,"BERNARDO MEDEIROS MAIA","BERNARDO MEDEIROS MAIA","N/A","N/A","001 CONSULTA AMBULATORIAL","PARTICULAR|AMBULATORIAL, PLANO DE SAUDE PRIVADO|AMBULATORIAL","22 CONSULTORIO ISOLADO","N/A","016 AMBULATORIO",PRIVADO,"4000 PESSOA FISICA",MUNICIPAL,"NÃO","AMBULATORIAL - 02 MEDIA COMPLEXIDADE","02 ATENDIMENTO SOMENTE A TARDE","-","-",ATIVO,"AVENIDA SAO FRANCISCO - 2051","N/A","(67)998852402","79490-025",CENTRO,"bmmpneumo@outlook.com.br","BERNARDO MEDEIROS MAIA","06/06/2021","-","-19.394533,-54.581086"
2026,"2026/04","CENTRO-OESTE",MS,500769,"SAO GABRIEL DO OESTE",9317570,"SOFIA LAURA CHIUZA BEILNER","SOFIA LAURA CHIUZA BEILNER","N/A","N/A","001 CONSULTA AMBULATORIAL","PARTICULAR|AMBULATORIAL, PLANO DE SAUDE PRIVADO|AMBULATORIAL","22 CONSULTORIO ISOLADO","N/A","016 AMBULATORIO",PRIVADO,"4000 PESSOA FISICA",MUNICIPAL,"NÃO","AMBULATORIAL - 02 MEDIA COMPLEXIDADE","04 ATENDIMENTO NOS TURNOS DA MANHA, TARDE E NOITE","-","-",ATIVO,"RUA JOSE FERREIRA DA CUNHA - 586","N/A","(67) 3295 1192","79490-047",CENTRO,"N/A","SOFIA LAURA CHIUZA BEILNER","11/09/2017","-","-19.39601,-54.575314"
2026,"2026/04","CENTRO-OESTE",MS,500769,"SAO GABRIEL DO OESTE",7768567,"CLINICA SANTO EXPEDITO","MILENNA GOMES DA COSTA LTDA","28.797.829/0001-86","N/A","001 CONSULTA AMBULATORIAL","PARTICULAR|AMBULATORIAL, PLANO DE SAUDE PRIVADO|AMBULATORIAL","22 CONSULTORIO ISOLADO","N/A","016 AMBULATORIO",PRIVADO,"2062 SOCIEDADE EMPRESARIA LIMITADA",MUNICIPAL,"NÃO","AMBULATORIAL - 02 MEDIA COMPLEXIDADE","03 ATENDIMENTOS NOS TURNOS DA MANHA E A TARDE","-","-",ATIVO,"RUA ESPIRITO SANTO - 1999","ANDAR TERREO","(67) 3295 3898","79490-023",CENTRO,"milennagc@hotmail.com","MILENNA GOMES DA COSTA","07/08/2015","-","-19.396193,-54.578812"
2026,"2026/04","CENTRO-OESTE",MS,500769,"SAO GABRIEL DO OESTE",8176124,"CASA AZUL VIDA","MUNICIPIO DE SAO GABRIEL DO OESTE","N/A","15.389.588/0001-94","001 CONSULTA AMBULATORIAL","SUS|AMBULATORIAL","36 CLINICA/CENTRO DE ESPECIALIDADE","009 OUTROS","016 AMBULATORIO","PÚBLICO","1244 MUNICIPIO",MUNICIPAL,SIM,"AMBULATORIAL - 02 MEDIA COMPLEXIDADE","03 ATENDIMENTOS NOS TURNOS DA MANHA E A TARDE","-","-",ATIVO,"RUA CEARA - 854","N/A","N/A","79490-045",CENTRO,"casa_azul_vida@saogabriel.ms.gov.br","VALDETE NANDI CARDOZO","21/03/2026","-","-19.395363,-54.564607"
2026,"2026/04","CENTRO-OESTE",MS,500769,"SAO GABRIEL DO OESTE",6387497,"NASF NUCLEO DE APOIO A SAUDE DA FAMILIA","PREFEITURA MUNICIPAL DE SAO GABRIEL DO OESTE","N/A","15.389.588/0001-94","012 ATENCAO BASICA","SUS|AMBULATORIAL","02 CENTRO DE SAUDE/UNIDADE BASICA","N/A","001 UNIDADE BASICA DE SAUDE","PÚBLICO","1244 MUNICIPIO",MUNICIPAL,SIM,"AMBULATORIAL - 01 ATENCAO BASICA","03 ATENDIMENTOS NOS TURNOS DA MANHA E A TARDE","-","-",ATIVO,"AVENIDA MATO GROSSO DO SUL - 2130","N/A","(67)99819-7169","79490-013",CENTRO,"N/A","SOFIA LAURA CHIUZA BEILNER","13/01/2010","-","-19.395464,-54.56465"
2026,"2026/04","CENTRO-OESTE",MS,500769,"SAO GABRIEL DO OESTE",9828389,"LEILA MARTINS","LEILA MARTINS","N/A","N/A","001 CONSULTA AMBULATORIAL","PARTICULAR|AMBULATORIAL, PLANO DE SAUDE PRIVADO|AMBULATORIAL","22 CONSULTORIO ISOLADO","N/A","016 AMBULATORIO",PRIVADO,"4000 PESSOA FISICA",MUNICIPAL,"NÃO","AMBULATORIAL - 02 MEDIA COMPLEXIDADE","04 ATENDIMENTO NOS TURNOS DA MANHA, TARDE E NOITE","-","-",ATIVO,"AVENIDA MATO GROSSO DO SUL - 2569","N/A","(67)998254555","79490-092","AMABILE MAFFISSONI","leilissima.martins@gmail.com","LEILA MARTINS","09/07/2019","-","-19.390191,-54.578048"
2026,"2026/04","CENTRO-OESTE",MS,500769,"SAO GABRIEL DO OESTE",5971055,"UNIDADE DE SAUDE DA FAMILIA VIII","PREFEITURA MUNICIPAL DE SAO GABRIEL DO OESTE","N/A","15.389.588/0001-94","012 ATENCAO BASICA","SUS|AMBULATORIAL","02 CENTRO DE SAUDE/UNIDADE BASICA","N/A","001 UNIDADE BASICA DE SAUDE","PÚBLICO","1244 MUNICIPIO",MUNICIPAL,SIM,"AMBULATORIAL - 01 ATENCAO BASICA","03 ATENDIMENTOS NOS TURNOS DA MANHA E A TARDE","-","-",ATIVO,"RUA DAS ANHUMAS - 489","N/A","(67)99190-3445","79491-016","JARDIM GRAMADO","N/A","LAYS VILHALVA GUIMARAES","25/08/2008","-","-19.378542,-54.585313"
2026,"2026/04","CENTRO-OESTE",MS,500769,"SAO GABRIEL DO OESTE",2370972,"UNIDADE DE SAUDE DA FAMILIA MILANE II","PREFEITURA MUNICIPAL DE SAO GABRIEL DO OESTE","N/A","15.389.588/0001-94","012 ATENCAO BASICA","SUS|AMBULATORIAL, SUS|OUTROS","02 CENTRO DE SAUDE/UNIDADE BASICA","N/A","001 UNIDADE BASICA DE SAUDE","PÚBLICO","1244 MUNICIPIO",MUNICIPAL,SIM,"AMBULATORIAL - 01 ATENCAO BASICA","03 ATENDIMENTOS NOS TURNOS DA MANHA E A TARDE","-","-",ATIVO,"AVENIDA SANTO ANTONIO - 281","N/A","(67)99808-3479","79492-094",MILANI,"saude@saogabriel.ms.gov.br","JULIANA PACHECO BARTHIMANN","07/11/2001","-","-19.394153,-54.563916"
2026,"2026/04","CENTRO-OESTE",MS,500769,"SAO GABRIEL DO OESTE",0449563,"NATALIE VERENA BASSO MALLMANN EIRELI","NATALIE VERENA BASSO MALLMANN EIRELI","39.853.807/0001-02","N/A","001 CONSULTA AMBULATORIAL","PARTICULAR|AMBULATORIAL, PLANO DE SAUDE PRIVADO|AMBULATORIAL","22 CONSULTORIO ISOLADO","N/A","016 AMBULATORIO",PRIVADO,"2062 SOCIEDADE EMPRESARIA LIMITADA",MUNICIPAL,"NÃO","AMBULATORIAL - 02 MEDIA COMPLEXIDADE","03 ATENDIMENTOS NOS TURNOS DA MANHA E A TARDE","-","-",ATIVO,"RUA JOSE FERREIRA ROSA - 188","N/A","(67)996082333","79490-043",CENTRO,"mallmannbasso019@gmail.com","NATALIE VERENA BASSO MALLMANN","10/12/2020","-","-19.398824,-54.574928"
2026,"2026/04","CENTRO-OESTE",MS,500769,"SAO GABRIEL DO OESTE",7268815,"LABORATORIO SAO FRANCISCO","NUCLEO DE ANALISES CLINICAS SAO FRANCISCO LTDA ME","17.263.540/0001-60","N/A","002 APOIO DIAGNOSTICO","PARTICULAR|AMBULATORIAL, PLANO DE SAUDE PRIVADO|AMBULATORIAL","39 UNIDADE DE APOIO DIAGNOSE E TERAPIA (SADT ISOLADO)","N/A","018 UNIDADE DE APOIO DIAGNOSTICO",PRIVADO,"2062 SOCIEDADE EMPRESARIA LIMITADA",MUNICIPAL,"NÃO","AMBULATORIAL - 02 MEDIA COMPLEXIDADE","03 ATENDIMENTOS NOS TURNOS DA MANHA E A TARDE","-","-",ATIVO,"AVENIDA MATO GROSSO DO SUL - 1420","N/A","(67)3295-1361","79490-013",CENTRO,"N/A","PAULO FABIO DROPA DE BORTOLI","30/06/2013","-","-19.390201,-54.578018"
2026,"2026/04","CENTRO-OESTE",MS,500769,"SAO GABRIEL DO OESTE",4946065,CONTIS,"STEPHANNO EMMANUEL DE SOUZA CONTIS LTDA","46.855.918/0001-13","N/A","001 CONSULTA AMBULATORIAL","PARTICULAR|AMBULATORIAL","36 CLINICA/CENTRO DE ESPECIALIDADE","009 OUTROS","016 AMBULATORIO",PRIVADO,"2062 SOCIEDADE EMPRESARIA LIMITADA",MUNICIPAL,"NÃO","AMBULATORIAL - 02 MEDIA COMPLEXIDADE","02 ATENDIMENTO SOMENTE A TARDE","-","-",ATIVO,"AVENIDA MATO GROSSO DO SUL - 1404","SALA 02","N/A","79490-013",CENTRO,"N/A","STEPHANNO EMMANUEL DE SOUZA CONTIS","07/01/2025","-","-19.390121,-54.578104"
2026,"2026/04","CENTRO-OESTE",MS,500769,"SAO GABRIEL DO OESTE",4785940,"DROGASIL DS2132","RAIA DROGASIL S A","61.585.865/3286-37","N/A","008 ENTREGA/DISPENSACAO DE MEDICAMENTOS","PARTICULAR|OUTROS","43 FARMACIA","N/A","009 FARMACIA",PRIVADO,"2046 SOCIEDADE ANONIMA ABERTA",MUNICIPAL,"NÃO","AMBULATORIAL - 02 MEDIA COMPLEXIDADE","04 ATENDIMENTO NOS TURNOS DA MANHA, TARDE E NOITE","-","-",ATIVO,"RUA MINAS GERAIS - 1146","LOTE 11E15 QUADRA 04","(67) 99801 7006","79490-011",CENTRO,"fiscallegalizacao@rd.com.br","VIVIANE MARQUES DOS SANTOS SOARES","05/09/2024","-","-19.395606,-54.573597"
2026,"2026/04","CENTRO-OESTE",MS,500769,"SAO GABRIEL DO OESTE",5217946,"CONSULTORIO DR CELIO HELEGDA","CELIO HELEGDA","N/A","N/A","001 CONSULTA AMBULATORIAL","PARTICULAR|AMBULATORIAL, PLANO DE SAUDE PRIVADO|AMBULATORIAL","22 CONSULTORIO ISOLADO","N/A","016 AMBULATORIO",PRIVADO,"4000 PESSOA FISICA",MUNICIPAL,"NÃO","AMBULATORIAL - 02 MEDIA COMPLEXIDADE","05 ATENDIMENTO COM TURNOS INTERMITENTES","-","-",ATIVO,"RUA CEARA - 474","N/A","(67)92196569","79490-045",CENTRO,"helegda@hotmail.com","CELIO HELEGDA","18/01/2007","-","-19.397002,-54.574477"
2026,"2026/04","CENTRO-OESTE",MS,500769,"SAO GABRIEL DO OESTE",2982161,"MARIA CRISTINA DA ROCHA PEREIRA","MARIA CRISTINA DA ROCHA PEREIRA","N/A","N/A","001 CONSULTA AMBULATORIAL","PARTICULAR|AMBULATORIAL, PLANO DE SAUDE PRIVADO|AMBULATORIAL","22 CONSULTORIO ISOLADO","N/A","016 AMBULATORIO",PRIVADO,"4000 PESSOA FISICA",MUNICIPAL,"NÃO","AMBULATORIAL - 02 MEDIA COMPLEXIDADE","02 ATENDIMENTO SOMENTE A TARDE","-","-",ATIVO,"RUA MINAS GERAIS - 1404","N/A","(67)99983 2662","79490-011",CENTRO,"cris.kiti@hotmail.com","MARIA CRISTINA DA ROCHA PEREIRA","05/08/2022","-","-19.395585,-54.573619"
2026,"2026/04","CENTRO-OESTE",MS,500769,"SAO GABRIEL DO OESTE",0960128,"ORAL SIN IMPLANTES","SAO GABRIEL DO OESTE CLINICA ODONTOLOGICA LTDA","42.994.489/0001-04","N/A","001 CONSULTA AMBULATORIAL","PARTICULAR|AMBULATORIAL, PLANO DE SAUDE PRIVADO|AMBULATORIAL","22 CONSULTORIO ISOLADO","N/A","016 AMBULATORIO",PRIVADO,"2062 SOCIEDADE EMPRESARIA LIMITADA",MUNICIPAL,"NÃO","AMBULATORIAL - 02 MEDIA COMPLEXIDADE","03 ATENDIMENTOS NOS TURNOS DA MANHA E A TARDE","-","-",ATIVO,"RUA PERNAMBUCO - 993","N/A","(67)32951830","79490-260","PRIMO MAFFISSONI","jhonatancarlossantos@hotmail.com","JHONATAN CARLOS AQUINO DOS SANTOS","04/12/2021","-","-19.398257,-54.581043"
2026,"2026/04","CENTRO-OESTE",MS,500769,"SAO GABRIEL DO OESTE",8207569,"LABORATORIO DE ANALISES CLINICAS","MUNICIPIO DE SAO GABRIEL DO OESTE","N/A","15.389.588/0001-94","002 APOIO DIAGNOSTICO","SUS|AMBULATORIAL, SUS|SADT","39 UNIDADE DE APOIO DIAGNOSE E TERAPIA (SADT ISOLADO)","N/A","018 UNIDADE DE APOIO DIAGNOSTICO","PÚBLICO","1244 MUNICIPIO",MUNICIPAL,SIM,"AMBULATORIAL - 02 MEDIA COMPLEXIDADE","06 ATENDIMENTO CONTINUO DE 24 HORAS/DIA (PLANTAO:INCLUI SABADOS, DOMINGOS E FERIADOS)","-","-",ATIVO,"RUA ESPIRITO SANTO - 2107","N/A","(67)99205-0794","79490-023",CENTRO,"laboratorio@saogabriel.ms.gov.br","RENAN AUGUSTO VILELA","10/04/2026","-","-19.395444,-54.564607"
2026,"2026/04","CENTRO-OESTE",MS,500769,"SAO GABRIEL DO OESTE",5014662,"LABORATORIO SAO GABRIEL","WILDE E WILDE LTDA","04.819.664/0001-38","N/A","002 APOIO DIAGNOSTICO","PARTICULAR|AMBULATORIAL, PLANO DE SAUDE PRIVADO|AMBULATORIAL","39 UNIDADE DE APOIO DIAGNOSE E TERAPIA (SADT ISOLADO)","N/A","018 UNIDADE DE APOIO DIAGNOSTICO",PRIVADO,"2062 SOCIEDADE EMPRESARIA LIMITADA",MUNICIPAL,"NÃO","AMBULATORIAL - 02 MEDIA COMPLEXIDADE","03 ATENDIMENTOS NOS TURNOS DA MANHA E A TARDE","-","-",ATIVO,"AVENIDA SAO FRANCISCO - 1367","N/A","(67) 3295-1313","79490-250","PRIMO MAFFISSONI","labsaogabriel@terra.com.br","MAGDA JANETE WILDE CALLEGARO","02/09/2006","-","-19.395044,-54.580794"
2026,"2026/04","CENTRO-OESTE",MS,500769,"SAO GABRIEL DO OESTE",0127450,"CENTRO OFTALMOLOGICO SGO","CENTRO OFTALMOLOGICO DE SAO GABRIEL DO OESTE S S","35.514.175/0001-00","N/A","001 CONSULTA AMBULATORIAL","PARTICULAR|AMBULATORIAL, PLANO DE SAUDE PRIVADO|AMBULATORIAL","36 CLINICA/CENTRO DE ESPECIALIDADE","009 OUTROS","016 AMBULATORIO",PRIVADO,"2062 SOCIEDADE EMPRESARIA LIMITADA",MUNICIPAL,"NÃO","AMBULATORIAL - 02 MEDIA COMPLEXIDADE","03 ATENDIMENTOS NOS TURNOS DA MANHA E A TARDE","-","-",ATIVO,"AVENIDA MATO GROSSO DO SUL - 1054","SALA 02","N/A","79490-013",CENTRO,"N/A","ALVARO HAVERROTH HILGERT","11/05/2020","-","-19.3898903,-54.5782262"
2026,"2026/04","CENTRO-OESTE",MS,500769,"SAO GABRIEL DO OESTE",9234098,"NATALIA ADRIANE MARCON SILVEIRA","NATALIA ADRIANE MARCON SILVEIRA","N/A","N/A","001 CONSULTA AMBULATORIAL","PARTICULAR|AMBULATORIAL, PLANO DE SAUDE PRIVADO|AMBULATORIAL","22 CONSULTORIO ISOLADO","N/A","016 AMBULATORIO",PRIVADO,"4000 PESSOA FISICA",MUNICIPAL,"NÃO","AMBULATORIAL - 02 MEDIA COMPLEXIDADE","04 ATENDIMENTO NOS TURNOS DA MANHA, TARDE E NOITE","-","-",ATIVO,"AVENIDA MATO GROSSO DO SUL - 1375","N/A","(67) 3295 2795","79490-013",CENTRO,"nataliamarcon@hotmail.com","NATALIA ADRIANE MARCON SILVEIRA","06/06/2017","-","-19.389837,-54.578318"
2026,"2026/04","CENTRO-OESTE",MS,500769,"SAO GABRIEL DO OESTE",9334343,"BEM LEVE BOUTIQUE GOURMET","ANA PAULA SCAINI 88253546149","13.394.941/0001-07","N/A","001 CONSULTA AMBULATORIAL","PARTICULAR|AMBULATORIAL, PLANO DE SAUDE PRIVADO|AMBULATORIAL","22 CONSULTORIO ISOLADO","N/A","016 AMBULATORIO",PRIVADO,"2135 EMPRESARIO (INDIVIDUAL)",MUNICIPAL,"NÃO","AMBULATORIAL - 02 MEDIA COMPLEXIDADE","03 ATENDIMENTOS NOS TURNOS DA MANHA E A TARDE","-","-",ATIVO,"RUA JOSE FERREIRA ROSA - 211","SALA 02","(67)998148749","79490-043",CENTRO,"bemleveemporiofuncional@gmail.com","ANA PAULA SCAINI","10/10/2017","-","-19.3988924,-54.5750903"
2026,"2026/04","CENTRO-OESTE",MS,500769,"SAO GABRIEL DO OESTE",5217989,"SABINO SERVICOS MEDICOS","SABINO SERVICOS MEDICOS LTDA","58.256.240/0001-31","N/A","001 CONSULTA AMBULATORIAL","PARTICULAR|AMBULATORIAL, PLANO DE SAUDE PRIVADO|AMBULATORIAL","22 CONSULTORIO ISOLADO","N/A","016 AMBULATORIO",PRIVADO,"2062 SOCIEDADE EMPRESARIA LIMITADA",MUNICIPAL,"NÃO","AMBULATORIAL - 02 MEDIA COMPLEXIDADE","05 ATENDIMENTO COM TURNOS INTERMITENTES","-","-",ATIVO,"RUA RIO DE JANEIRO - 1360","SALA 03","(67) 3295-4013","79490-019",CENTRO,"pediclin@uol.com.br","CLODOALDO SABINO DA SILVA","18/01/2007","-","-19.395444,-54.577395"
2026,"2026/04","CENTRO-OESTE",MS,500769,"SAO GABRIEL DO OESTE",0499862,"SIMONE FONO","SIMONE FERREIRA","35.138.118/0001-65","N/A","001 CONSULTA AMBULATORIAL","PARTICULAR|AMBULATORIAL, PLANO DE SAUDE PRIVADO|AMBULATORIAL","22 CONSULTORIO ISOLADO","N/A","016 AMBULATORIO",PRIVADO,"2135 EMPRESARIO (INDIVIDUAL)",MUNICIPAL,"NÃO","AMBULATORIAL - 02 MEDIA COMPLEXIDADE","03 ATENDIMENTOS NOS TURNOS DA MANHA E A TARDE","-","-",ATIVO,"RUA JOSE FERREIRA DA CUNHA - 485","SALA 03","(67)99911 3833","79490-047",CENTRO,"N/A","SIMONE FERREIRA","05/02/2021","-","-19.39601,-54.575335"
2026,"2026/04","CENTRO-OESTE",MS,500769,"SAO GABRIEL DO OESTE",3691489,"CONSULTORIO DR ILDEFONSO FRANCISCO SANTOS","ILDEFONSO FRANCISCO SANTOS","N/A","N/A","001 CONSULTA AMBULATORIAL","PARTICULAR|AMBULATORIAL, PLANO DE SAUDE PRIVADO|AMBULATORIAL","22 CONSULTORIO ISOLADO","N/A","016 AMBULATORIO",PRIVADO,"4000 PESSOA FISICA",MUNICIPAL,"NÃO","AMBULATORIAL - 02 MEDIA COMPLEXIDADE","03 ATENDIMENTOS NOS TURNOS DA MANHA E A TARDE","-","-",ATIVO,"RUA JOSE FERREIRA DA CUNHA - 586","N/A","(67) 3295-1333","79490-047",CENTRO,"ildefonso.santos@uol.com.br","ILDEFONSO FRANCISCO DOS SANTOS","08/12/2005","-","-19.3959124,-54.5752141"
2026,"2026/04","CENTRO-OESTE",MS,500769,"SAO GABRIEL DO OESTE",2370980,"UNIDADE DE SAUDE DA FAMILIA JARDIM GRAMADO I","PREFEITURA MUNICIPAL DE SAO GABRIEL DO OESTE","N/A","15.389.588/0001-94","012 ATENCAO BASICA","SUS|AMBULATORIAL","02 CENTRO DE SAUDE/UNIDADE BASICA","N/A","001 UNIDADE BASICA DE SAUDE","PÚBLICO","1244 MUNICIPIO",MUNICIPAL,SIM,"AMBULATORIAL - 01 ATENCAO BASICA","03 ATENDIMENTOS NOS TURNOS DA MANHA E A TARDE","-","-",ATIVO,"AVENIDA ARAPONGAS - 747","N/A","(67)99804-4046","79491-034","JARDIM GRAMADO","saude@saogabriel.ms.gov.br","CLAUDIA DOS SANTOS SILVA","07/11/2001","-","-19.395626,-54.564478"
2026,"2026/04","CENTRO-OESTE",MS,500769,"SAO GABRIEL DO OESTE",2850931,"VITOR CARL COLOMBO","VITOR CARL COLOMBO","N/A","N/A","001 CONSULTA AMBULATORIAL","PARTICULAR|AMBULATORIAL, PLANO DE SAUDE PRIVADO|AMBULATORIAL","22 CONSULTORIO ISOLADO","N/A","016 AMBULATORIO",PRIVADO,"4000 PESSOA FISICA",MUNICIPAL,"NÃO","AMBULATORIAL - 02 MEDIA COMPLEXIDADE","03 ATENDIMENTOS NOS TURNOS DA MANHA E A TARDE","-","-",ATIVO,"RUA MINAS GERAIS - 1565","N/A","(67) 99648-5299","79490-011",CENTRO,"vitorcarl2008@hotmail.com","VITOR CARL COLOMBO","07/03/2022","-","-19.395646,-54.57364"
2026,"2026/04","CENTRO-OESTE",MS,500769,"SAO GABRIEL DO OESTE",3872424,"CENTRO DE ATENCAO PSICOSSOCIAL NOVO CAMINHAR","PREFEITURA MUNICIPAL DE SAO GABRIEL DO OESTE","N/A","15.389.588/0001-94","011 ATENCAO PSICOSSOCIAL","SUS|AMBULATORIAL","70 CENTRO DE ATENCAO PSICOSSOCIAL","001 CAPS I","017 UNIDADE DE ATENCAO PSICOSSOCIAL","PÚBLICO","1244 MUNICIPIO",MUNICIPAL,SIM,"AMBULATORIAL - 02 MEDIA COMPLEXIDADE","03 ATENDIMENTOS NOS TURNOS DA MANHA E A TARDE","-","-",ATIVO,"RUA JOAO EVANGELISTA ROSA - 609","N/A","(67)99815-1675","79490-043",CENTRO,"N/A","EMANUELE BOZZA SORGATTO RAMPANELLI","05/04/2006","-","-19.389226,-54.5718357"
2026,"2026/04","CENTRO-OESTE",MS,500769,"SAO GABRIEL DO OESTE",5246156,"CLINICA LOAR","CLINICA LOAR LTDA","55.925.752/0001-55","N/A","001 CONSULTA AMBULATORIAL","PARTICULAR|AMBULATORIAL, PLANO DE SAUDE PRIVADO|AMBULATORIAL","22 CONSULTORIO ISOLADO","N/A","016 AMBULATORIO",PRIVADO,"2062 SOCIEDADE EMPRESARIA LIMITADA",MUNICIPAL,"NÃO","AMBULATORIAL - 02 MEDIA COMPLEXIDADE","03 ATENDIMENTOS NOS TURNOS DA MANHA E A TARDE","-","-",ATIVO,"RUA PERNAMBUCO - 2433","N/A","N/A","79490-174","JARDIM PRIMAVERA","clinicaloar@gmail.com","LAIENY PEREIRA SOUZA COSTA","10/03/2025","-","-19.398217,-54.5811007"
2026,"2026/04","CENTRO-OESTE",MS,500769,"SAO GABRIEL DO OESTE",6452116,"CENTRO DE ESPECIALIDADES MEDICAS","PREFEITURA MUNICIPAL DE SAO GABRIEL DO OESTE","N/A","15.389.588/0001-94","001 CONSULTA AMBULATORIAL","SUS|AMBULATORIAL","36 CLINICA/CENTRO DE ESPECIALIDADE","009 OUTROS","016 AMBULATORIO","PÚBLICO","1244 MUNICIPIO",MUNICIPAL,SIM,"AMBULATORIAL - 02 MEDIA COMPLEXIDADE","03 ATENDIMENTOS NOS TURNOS DA MANHA E A TARDE","-","-",ATIVO,"AVENIDA MATO GROSSO DO SUL - 2130","N/A","(67)9984-4736","79490-013",CENTRO,"N/A","ARILENE CIDRAO ROSA","19/03/2010","-","-19.389878,-54.578275"
2026,"2026/04","CENTRO-OESTE",MS,500769,"SAO GABRIEL DO OESTE",9828370,"PATRICIA DE OLIVEIRA ZUANAZZI","PATRICIA DE OLIVEIRA ZUANAZZI","N/A","N/A","001 CONSULTA AMBULATORIAL","PARTICULAR|AMBULATORIAL, PLANO DE SAUDE PRIVADO|AMBULATORIAL","22 CONSULTORIO ISOLADO","N/A","016 AMBULATORIO",PRIVADO,"4000 PESSOA FISICA",MUNICIPAL,"NÃO","AMBULATORIAL - 02 MEDIA COMPLEXIDADE","03 ATENDIMENTOS NOS TURNOS DA MANHA E A TARDE","-","-",ATIVO,"RUA PARANA - 1709","N/A","(67)32956527","79490-007",CENTRO,"pozodontologia@hotmail.com","PATRICIA DE OLIVEIRA ZUANAZZI","09/07/2019","-","-19.390748,-54.574391"
2026,"2026/04","CENTRO-OESTE",MS,500769,"SAO GABRIEL DO OESTE",5450926,"SECRETARIA MUNICIPAL DE SAUDE","MUNICIPIO DE SAO GABRIEL DO OESTE","N/A","15.389.588/0001-94","022 ADMINISTRACAO","SUS|AMBULATORIAL, SUS|VIGILANCIA EM SAUDE","68 CENTRAL DE GESTAO EM SAUDE","003 SECRETARIA MUNICIPAL DE SAUDE (SMS)","002 CENTRAL DE GESTAO EM SAUDE","PÚBLICO","1244 MUNICIPIO",MUNICIPAL,SIM,"AMBULATORIAL - 02 MEDIA COMPLEXIDADE","03 ATENDIMENTOS NOS TURNOS DA MANHA E A TARDE","-","-",ATIVO,"RUA MARTIMIANO ALVES DIAS - 1211","N/A","(67) 3295-2456","79490-318","PRIMO MAFFISSONI","saude@saogabriel.ms.gov.br","KATIA LIRA ADONO","01/10/2007","-","-19.395646,-54.564607"
2026,"2026/04","CENTRO-OESTE",MS,500769,"SAO GABRIEL DO OESTE",9588191,"ARMOND DIAGNOSTICO POR IMAGEM","ALPHA DIAGNOSTICOS EIRELI","24.511.898/0001-20","N/A","002 APOIO DIAGNOSTICO","PARTICULAR|AMBULATORIAL, PLANO DE SAUDE PRIVADO|AMBULATORIAL","39 UNIDADE DE APOIO DIAGNOSE E TERAPIA (SADT ISOLADO)","N/A","018 UNIDADE DE APOIO DIAGNOSTICO",PRIVADO,"2062 SOCIEDADE EMPRESARIA LIMITADA",MUNICIPAL,"NÃO","AMBULATORIAL - 02 MEDIA COMPLEXIDADE","03 ATENDIMENTOS NOS TURNOS DA MANHA E A TARDE","-","-",ATIVO,"AVENIDA SAO FRANCISCO DE ASSIS - 1367","SALA 15","(67)3295 1539","79490-025",CENTRO,"diagnosticosalfa@gmail.com","NADIA VARGAS ARMOND VICENTE","10/09/2018","-","-19.395606,-54.564564"
2026,"2026/04","CENTRO-OESTE",MS,500769,"SAO GABRIEL DO OESTE",2824345,"ANA CAROLINA GOLLO ODONTOLOGIA","ANA CAROLINA GOLLO ODONTOLOGIA","44.659.059/0001-61","N/A","001 CONSULTA AMBULATORIAL","PARTICULAR|AMBULATORIAL, PLANO DE SAUDE PRIVADO|AMBULATORIAL","22 CONSULTORIO ISOLADO","N/A","016 AMBULATORIO",PRIVADO,"2135 EMPRESARIO (INDIVIDUAL)",MUNICIPAL,"NÃO","AMBULATORIAL - 02 MEDIA COMPLEXIDADE","03 ATENDIMENTOS NOS TURNOS DA MANHA E A TARDE","-","-",ATIVO,"RUA MINAS GERAIS - 1074","SALA 03","(67)999403718","79490-011",CENTRO,"caroll_gollo@hotmail.com","ANA CAROLINA GOLLO","11/02/2022","-","-19.3956944,-54.5735895"
2026,"2026/04","CENTRO-OESTE",MS,500769,"SAO GABRIEL DO OESTE",9966374,"EVANY MARIA GUEDES TOLEDO DARIVA","EVANY MARIA GUEDES TOLEDO DARIVA","N/A","N/A","001 CONSULTA AMBULATORIAL","PARTICULAR|AMBULATORIAL, PLANO DE SAUDE PRIVADO|AMBULATORIAL","22 CONSULTORIO ISOLADO","N/A","016 AMBULATORIO",PRIVADO,"4000 PESSOA FISICA",MUNICIPAL,"NÃO","AMBULATORIAL - 02 MEDIA COMPLEXIDADE","03 ATENDIMENTOS NOS TURNOS DA MANHA E A TARDE","-","-",ATIVO,"RUA JOSE FERREIRA ROSA - 188","N/A","(67)998702012","79490-043",CENTRO,"N/A","EVANY MARIA GUEDES TOLEDO DARIVA","09/12/2019","-","-19.398945,-54.575142"
2026,"2026/04","CENTRO-OESTE",MS,500769,"SAO GABRIEL DO OESTE",6494722,"LABORATORIO REGIONAL DE PROTESE DENTARIA","PREFEITURA MUNICIPAL DE SAO GABRIEL DO OESTE","N/A","15.389.588/0001-94","027 CONFECCAO DE ORTESES E PROTESES DENTARIAS","SUS|AMBULATORIAL","39 UNIDADE DE APOIO DIAGNOSE E TERAPIA (SADT ISOLADO)","003 LABORATORIO REGIONAL DE PROTESE DENTARIA (LRPD)","020 LABORATORIO DE PROTESE DENTARIA","PÚBLICO","1244 MUNICIPIO",MUNICIPAL,SIM,"AMBULATORIAL - 02 MEDIA COMPLEXIDADE","03 ATENDIMENTOS NOS TURNOS DA MANHA E A TARDE","-","-",ATIVO,"RUA MARTIMIANO ALVES DIAS - 1211","N/A","(67)99165-7985","79490-318","PRIMO MAFFISSONI","N/A","ADRIANA FLAVIO MARQUES","15/05/2010","-","-19.395687,-54.565057"
2026,"2026/04","CENTRO-OESTE",MS,500769,"SAO GABRIEL DO OESTE",8016968,MOVEFISIO,"MOVEFISIO LTDA","61.751.898/0001-24","N/A","001 CONSULTA AMBULATORIAL","PARTICULAR|AMBULATORIAL, PLANO DE SAUDE PRIVADO|AMBULATORIAL","22 CONSULTORIO ISOLADO","N/A","016 AMBULATORIO",PRIVADO,"2062 SOCIEDADE EMPRESARIA LIMITADA",MUNICIPAL,"NÃO","AMBULATORIAL - 02 MEDIA COMPLEXIDADE","03 ATENDIMENTOS NOS TURNOS DA MANHA E A TARDE","-","-",ATIVO,"RUAPARANA - 1952","N/A","(67) 99213 8893","79490-007",CENTRO,"movefisiosgo@hotmail.com","REBECCA ELINA DE TOLEDO","08/11/2025","-","-19.395525,-54.564542"
