solicitacao;codigo_interno;codigo_unificado;descricao_procedimento;cpf_proficional_executante;nome_profissional_executante;data_agendamento;hr_agendamento;tipo;cns;nome;dt_nascimento;idade;idade_meses;nome_mae;tipo_logradouro;logradouro;complemento;numero_logradouro;bairro;cep;telefone;municipio;ibge;mun_solicitante;ibge_solicitante;cnes_solicitante;unidade_fantasia;sexo;data_solicitacao;operador_solicitante;data_autorizacao;operador_autorizador;valor_procedimento;situacao;cid;cpf_profissional_solicitante;nome_profissional_solicitante
668905196;3904001;0211070041;AUDIOMETRIA;80298834120;RENATA DE QUEIROZ ANASTACIO;03.07.2026;10:00;0;898004163708083;APARECIDO BARDELLA;04.06.1946;80;961;ODILA VICENTIN;RUA;CARLOS M DA CONCEIÇÃO;CASA;S/N;JD INDEPENDENCIA;79210000;(67)9283-0647;ANASTACIO;500070;SAO GABRIEL DO OESTE;500769;6354265;CENTRAL DE REGULACAO DE SAO GABRIEL DO OESTE;M;21.05.2026;CLEIDIANE_REGULADOR;21.05.2026;CLEIDIANE_REGULADOR;21.00;CONFIRMADO;Z01;65742103653;SOLICITANTE_SAO GABRIEL DO OESTE
668905614;3904001;0211070041;AUDIOMETRIA;80298834120;RENATA DE QUEIROZ ANASTACIO;03.07.2026;10:00;0;706902179427633;PATRICIO VIEIRA DE FREITAS;04.11.1965;60;728;CONSTANTINA VIEIRA;RUA;CASTANHEIRA;CASA;247;SAO CRISTOVAO;79490000;(67)99961-3113;SAO GABRIEL DO OESTE;500769;SAO GABRIEL DO OESTE;500769;6354265;CENTRAL DE REGULACAO DE SAO GABRIEL DO OESTE;M;21.05.2026;CLEIDIANE_REGULADOR;21.05.2026;CLEIDIANE_REGULADOR;21.00;CONFIRMADO;Z01;65742103653;SOLICITANTE_SAO GABRIEL DO OESTE
668905941;3904001;0211070041;AUDIOMETRIA;80298834120;RENATA DE QUEIROZ ANASTACIO;10.07.2026;10:00;0;700401408380448;GRAZIELY DE OLIVEIRA MORAES;01.04.1991;35;423;ELDA DE OLIVEIRA MORAES;RUA;SARACURA;;743;JARDIM GRAMADO;79490000;(67)99685-9712;SAO GABRIEL DO OESTE;500769;SAO GABRIEL DO OESTE;500769;6354265;CENTRAL DE REGULACAO DE SAO GABRIEL DO OESTE;F;21.05.2026;CLEIDIANE_REGULADOR;21.05.2026;CLEIDIANE_REGULADOR;21.00;CONFIRMADO;Z01;65742103653;SOLICITANTE_SAO GABRIEL DO OESTE
668906415;3904001;0211070041;AUDIOMETRIA;80298834120;RENATA DE QUEIROZ ANASTACIO;10.07.2026;10:00;0;708703175433891;VALDIMAR PEREIRA DE ARAUJO;29.08.1991;34;418;JACIRA PINTO ALVES;FAZENDA;SAO GABRIEL;;S/N;ZONA RURAL;79493899;(67)99605-2876;SAO GABRIEL DO OESTE;500769;SAO GABRIEL DO OESTE;500769;6354265;CENTRAL DE REGULACAO DE SAO GABRIEL DO OESTE;M;21.05.2026;CLEIDIANE_REGULADOR;21.05.2026;CLEIDIANE_REGULADOR;21.00;CONFIRMADO;Z01;65742103653;SOLICITANTE_SAO GABRIEL DO OESTE
668984757;3904001;0211070041;AUDIOMETRIA;80298834120;RENATA DE QUEIROZ ANASTACIO;03.07.2026;10:00;0;702005305631085;EDILSON DE LUCENA CORONEL;24.11.1987;38;463;JOSEFA MARIA DE LUCENA CORONEL;RUA;CURIO;CASA;818;JARDIM GRAMADO;79490000;(67)99905-1946;SAO GABRIEL DO OESTE;500769;SAO GABRIEL DO OESTE;500769;8176124;CASA AZUL VIDA;M;21.05.2026;FABIANA_DHEIN;21.05.2026;FABIANA_DHEIN;21.00;PENDENTE;Z00;;ANA PAULA CAVALIERI PONTES
668985740;3904001;0211070041;AUDIOMETRIA;80298834120;RENATA DE QUEIROZ ANASTACIO;10.07.2026;10:00;0;702908559859171;EDIELCA QUEIROZ DA SILVA;21.12.1977;48;582;JOSEFA MARIA DA SILVA;RUA;COLIBRI;;79;FENIX;79490000;(61)3315-2425 / (11)95470-4663;SAO GABRIEL DO OESTE;500769;SAO GABRIEL DO OESTE;500769;8176124;CASA AZUL VIDA;F;21.05.2026;FABIANA_DHEIN;21.05.2026;FABIANA_DHEIN;21.00;CONFIRMADO;H906;;ANA PAULA CAVALIERI PONTES
668987611;3904001;0211070041;AUDIOMETRIA;80298834120;RENATA DE QUEIROZ ANASTACIO;17.07.2026;10:00;0;705609456916618;MADALENA SIQUEIRA;27.09.1962;63;765;SERVINA FELIZARDA SIQUEIRA;RUA;BAHIA;CASA 01;1985;CENTRO;79490000;(67)99937-4120;SAO GABRIEL DO OESTE;500769;SAO GABRIEL DO OESTE;500769;8176124;CASA AZUL VIDA;F;21.05.2026;FABIANA_DHEIN;21.05.2026;FABIANA_DHEIN;21.00;PENDENTE;H906;;ANA PAULA CAVALIERI PONTES
668988266;3904001;0211070041;AUDIOMETRIA;80298834120;RENATA DE QUEIROZ ANASTACIO;17.07.2026;10:00;0;708607011096684;WALENTINA GAUBER MARTINS;16.03.2016;10;124;WALDILENE GAUBER ORTIZ;RUA;CAMBARÁ;CASA;512;SÃO CRISTOVÃO;79490000;(67)99880-9926;SAO GABRIEL DO OESTE;500769;SAO GABRIEL DO OESTE;500769;8176124;CASA AZUL VIDA;F;21.05.2026;FABIANA_DHEIN;21.05.2026;FABIANA_DHEIN;21.00;PENDENTE;Z00;69429570110;LAURA ADRIANA DA SILVA HOZANO
668992399;3904001;0211070041;AUDIOMETRIA;80298834120;RENATA DE QUEIROZ ANASTACIO;17.07.2026;10:00;0;704800515388645;MARIA AUXILIADORA NERI DE OLIVEIRA;20.03.1962;64;771;EXPEDITA ANTONIA DA CONCEICAO;RUA;GAIVOTAS;;2283;FÊNIX;79491094;(67)3295-3206;SAO GABRIEL DO OESTE;500769;SAO GABRIEL DO OESTE;500769;8176124;CASA AZUL VIDA;F;21.05.2026;FABIANA_DHEIN;21.05.2026;FABIANA_DHEIN;21.00;PENDENTE;Z00;;ANA PAULA CAVALIERI PONTES
669403067;3904001;0211070041;AUDIOMETRIA;80298834120;RENATA DE QUEIROZ ANASTACIO;24.07.2026;10:00;0;704108425112350;ERIC CALDEIRA DA FONSECA;20.02.2020;06;76;JULIANA JUNQUEIRA MARQUES CALDEIRA FONSECA;AVENIDA;MATO GROSSO DO SUL;;679;CENTRO;79490000;(67)99907-9908;SAO GABRIEL DO OESTE;500769;SAO GABRIEL DO OESTE;500769;8176124;CASA AZUL VIDA;M;25.05.2026;FABIANA_DHEIN;25.05.2026;FABIANA_DHEIN;21.00;PENDENTE;Z00;;ANA PAULA CAVALIERI PONTES
669437504;3904001;0211070041;AUDIOMETRIA;80298834120;RENATA DE QUEIROZ ANASTACIO;24.07.2026;10:00;0;700509977891559;PATRICIA APARECIDA GIACOMINI;15.01.1985;41;498;EVA MARIA GIACOMINI;RUA;JORGE AMADO;;1716;PRIMO MAFFISSONI;79490000;(67)99928-5220;SAO GABRIEL DO OESTE;500769;SAO GABRIEL DO OESTE;500769;8176124;CASA AZUL VIDA;F;25.05.2026;FABIANA_DHEIN;25.05.2026;FABIANA_DHEIN;21.00;PENDENTE;Z00;;ANA PAULA CAVALIERI PONTES
669438172;3904001;0211070041;AUDIOMETRIA;80298834120;RENATA DE QUEIROZ ANASTACIO;24.07.2026;10:00;0;700103999835412;ANDREY GABRIEL GIACOMINI DOS SANTOS;11.03.2012;14;172;PATRICIA APARECIDA GIACOMINI;RUA;JORGE AMADO;;1716;PRIMO MAFFISSONI;79490000;(67)99928-5220;SAO GABRIEL DO OESTE;500769;SAO GABRIEL DO OESTE;500769;8176124;CASA AZUL VIDA;M;25.05.2026;FABIANA_DHEIN;25.05.2026;FABIANA_DHEIN;21.00;PENDENTE;Z00;;ANA PAULA CAVALIERI PONTES
670896951;3904001;0211070041;AUDIOMETRIA;80298834120;RENATA DE QUEIROZ ANASTACIO;31.07.2026;10:00;0;702506335401033;DINORA MARIA ZATTA EVANGELIO;24.12.1963;62;750;IDA IDALINA CEREZOLI ZATTA;RUA;PERNAMBUCO;CASA 02;495;JARDIM ALVORADA;79490000;(67)99643-3763;SAO GABRIEL DO OESTE;500769;SAO GABRIEL DO OESTE;500769;6354265;CENTRAL DE REGULACAO DE SAO GABRIEL DO OESTE;F;01.06.2026;CLEIDIANE_SAOGABRIEL;01.06.2026;CLEIDIANE_SAOGABRIEL;21.00;PENDENTE;H906;;CLEDSON PERETTI
671219450;3904001;0211070041;AUDIOMETRIA;80298834120;RENATA DE QUEIROZ ANASTACIO;31.07.2026;10:00;0;700204461217526;OLIVALDO BRANDAO LEMES;28.02.1978;48;580;DEODETE LUIZA BRANDAO LEMES;RUA;NELSON ABRAAO LEMOS;;620;JARDIM DAS CEREJEIRAS;79014380;(67)99886-2447;CAMPO GRANDE;500270;SAO GABRIEL DO OESTE;500769;8176124;CASA AZUL VIDA;M;02.06.2026;FABIANA_DHEIN;02.06.2026;FABIANA_DHEIN;21.00;PENDENTE;Z00;;ANA PAULA CAVALIERI PONTES
671220448;3904001;0211070041;AUDIOMETRIA;80298834120;RENATA DE QUEIROZ ANASTACIO;31.07.2026;10:00;0;704702766835734;DAVI LUIS BRANDAO LUBAS;19.07.2018;07;95;TAINARA LISLE BRANDAO DA SILVA;RUA;BOAVENTURA FERREIRA ROSA;;485;CENTRO;79490000;(67)99876-6870 / (67)99934-0498;SAO GABRIEL DO OESTE;500769;SAO GABRIEL DO OESTE;500769;8176124;CASA AZUL VIDA;M;02.06.2026;FABIANA_DHEIN;02.06.2026;FABIANA_DHEIN;21.00;PENDENTE;Z00;;ANA PAULA CAVALIERI PONTES
671644340;0206062;0301080232;ACOLHIMENTO INICIAL POR CENTRO DE ATENÇÃO PSICOSSOCIAL;69429570110;LAURA ADRIANA DA SILVA HOZANO;07.07.2026;07:00;0;700009433208204;MIGUEL HENRIQUE VIANNA PEREIRA;12.09.2016;09;118;DANIELLA VERDUM VIANNA;RUA;SANTO ANGELO;;385;MILANI;79492092;(67)99694-3651;SAO GABRIEL DO OESTE;500769;SAO GABRIEL DO OESTE;500769;2370972;UNIDADE DE SAUDE DA FAMILIA MILANE II;M;03.06.2026;FLAVIA_RODRIGUES;03.06.2026;FLAVIA_RODRIGUES;0.00;PENDENTE;F818;02453491113;MILENA GUEDIN VARGAS
671676575;0206062;0301080232;ACOLHIMENTO INICIAL POR CENTRO DE ATENÇÃO PSICOSSOCIAL;69429570110;LAURA ADRIANA DA SILVA HOZANO;07.07.2026;07:00;0;708604133978190;THEO MENDES MORAIS BITENCOURT;31.05.2023;03;37;NATIELE MENDES DE OLIVEIRA;RUA CIRCULAR;BELO HORIZONTE;NOVA DIMENSÃO;S/N;DISTRITO DE NOVA DIMENSÃO;76857000;(67)99801-4010;NOVA MAMORE;110033;SAO GABRIEL DO OESTE;500769;8176124;CASA AZUL VIDA;M;03.06.2026;FABIANA_DHEIN;03.06.2026;FABIANA_DHEIN;0.00;PENDENTE;Z00;;GISELE SARY
671957955;0206062;0301080232;ACOLHIMENTO INICIAL POR CENTRO DE ATENÇÃO PSICOSSOCIAL;69429570110;LAURA ADRIANA DA SILVA HOZANO;07.07.2026;07:00;0;708202612776840;NICKLAUS CAMARGO HONORATO;13.01.2024;02;30;ERICA CAMARGO DO AMARAL;RUA;P;;522;CIDADE JARDIM;79492146;(67)99819-7742;SAO GABRIEL DO OESTE;500769;SAO GABRIEL DO OESTE;500769;8176124;CASA AZUL VIDA;M;08.06.2026;FABIANA_DHEIN;08.06.2026;FABIANA_DHEIN;0.00;PENDENTE;F84;;GILBERT MAIRINK
671970531;0206062;0301080232;ACOLHIMENTO INICIAL POR CENTRO DE ATENÇÃO PSICOSSOCIAL;69429570110;LAURA ADRIANA DA SILVA HOZANO;07.07.2026;07:00;0;708901732489914;ENZO ALVES DE SOUZA;06.01.2020;06;78;KAROLINE RODRIGUES DE SOUZA;RUA;FENIX;;49;FENIX;79490000;(67)99658-8491 / (67)99658-8491;SAO GABRIEL DO OESTE;500769;SAO GABRIEL DO OESTE;500769;8176124;CASA AZUL VIDA;M;08.06.2026;FABIANA_DHEIN;08.06.2026;FABIANA_DHEIN;0.00;PENDENTE;F84;;LUCAS MOURA
671975091;0206062;0301080232;ACOLHIMENTO INICIAL POR CENTRO DE ATENÇÃO PSICOSSOCIAL;69429570110;LAURA ADRIANA DA SILVA HOZANO;07.07.2026;07:00;0;705409425262391;DIOGO FERREIRA ALMEIDA;28.07.2014;11;143;SUZI KELLY FERREIRA DO AMARAL;RUA;SANTA CATARINA;CASA 01;1694;CAPÃO REDONDO;79490000;(67)99658-6320;SAO GABRIEL DO OESTE;500769;SAO GABRIEL DO OESTE;500769;8176124;CASA AZUL VIDA;M;08.06.2026;FABIANA_DHEIN;08.06.2026;FABIANA_DHEIN;0.00;PENDENTE;Z00;;LUCAS MOURA
672096941;0206062;0301080232;ACOLHIMENTO INICIAL POR CENTRO DE ATENÇÃO PSICOSSOCIAL;69429570110;LAURA ADRIANA DA SILVA HOZANO;07.07.2026;07:00;0;708505346112672;FILIPE CAMILLO HELEODORO;20.12.2017;08;102;ELICELIA ADRIANA CAMILLO HELEODORO;RUA;ESTUDANTE ELIAS BERGMAM;;475;JARDIM ALVORADA;79490000;(67)99925-4106;SAO GABRIEL DO OESTE;500769;SAO GABRIEL DO OESTE;500769;2591359;UNIDADE DE SAUDE DA FAMILIA V;M;08.06.2026;CHRISTIANEHELEN_FREITAS;08.06.2026;CHRISTIANEHELEN_FREITAS;0.00;PENDENTE;R463;04796956107;JULIANA DA ROCHA PEREIRA MENEZES
672396872;0206062;0301080232;ACOLHIMENTO INICIAL POR CENTRO DE ATENÇÃO PSICOSSOCIAL;69429570110;LAURA ADRIANA DA SILVA HOZANO;07.07.2026;07:00;0;707802606405417;HELOUISY LUIZ DE OLIVEIRA;08.10.2023;02;33;LARISSA LUIZ DA SILVA DE JESUS;RUA;GAIVOTAS;CASA 19;2082;FÊNIX;79491094;(67)99950-5216 / (67)99623-7206;SAO GABRIEL DO OESTE;500769;SAO GABRIEL DO OESTE;500769;2370999;UNIDADE DE SAUDE DA FAMILIA FENIX IV;F;09.06.2026;GUSTAVO_PIAIA;09.06.2026;GUSTAVO_PIAIA;0.00;PENDENTE;R463;;GILBERT MAIRINK RODRIGUES
672503834;0206062;0301080232;ACOLHIMENTO INICIAL POR CENTRO DE ATENÇÃO PSICOSSOCIAL;69429570110;LAURA ADRIANA DA SILVA HOZANO;07.07.2026;07:00;0;704100142519274;CARLOS HENRIQUE GARCIA VIEIRA;08.09.2015;10;130;VANESSA GARCIA VIEIRA;RUA;CANARIOS;;1100;JARDIM GRAMADO;79490000;(67)99267-1980;SAO GABRIEL DO OESTE;500769;SAO GABRIEL DO OESTE;500769;8176124;CASA AZUL VIDA;M;10.06.2026;FABIANA_DHEIN;10.06.2026;FABIANA_DHEIN;0.00;PENDENTE;F70;;CLODOALDO SABINO DA SILVA
672561801;0206062;0301080232;ACOLHIMENTO INICIAL POR CENTRO DE ATENÇÃO PSICOSSOCIAL;69429570110;LAURA ADRIANA DA SILVA HOZANO;07.07.2026;07:00;0;706909128068136;RAFAEL VINICIUS LEITE;06.12.2014;11;139;ANA PAULA LEITE;RUA;TUIUIU;;1698;JARDIM GRAMADO;79490000;(65)99353-5455 / (67)99353-5455;SAO GABRIEL DO OESTE;500769;SAO GABRIEL DO OESTE;500769;7002084;UNIDADE DE SAUDE DA FAMILIA IX;M;10.06.2026;AMANDALUIZA_BIAZUS;10.06.2026;AMANDALUIZA_BIAZUS;0.00;PENDENTE;F900;06901507925;EVELYN KASSIA TUDISCO FERNANDES
672676729;0206062;0301080232;ACOLHIMENTO INICIAL POR CENTRO DE ATENÇÃO PSICOSSOCIAL;69429570110;LAURA ADRIANA DA SILVA HOZANO;07.07.2026;07:00;0;700503941663453;MAYCON GABRIEL DE ALMEIDA ORTEGA;11.12.2011;14;175;ELAINE DE ALMEIDA MARCELINO DA CRUZ;RUA;HENRIQUETA DE JESUS;;S/N;CENTRO (AREADO);79495018;(67)99308-4894;SAO GABRIEL DO OESTE;500769;SAO GABRIEL DO OESTE;500769;8176124;CASA AZUL VIDA;M;10.06.2026;FABIANA_DHEIN;10.06.2026;FABIANA_DHEIN;0.00;PENDENTE;Z01;03095910150;THAMIS PAULA ZAMPIVA
672791118;0206062;0301080232;ACOLHIMENTO INICIAL POR CENTRO DE ATENÇÃO PSICOSSOCIAL;69429570110;LAURA ADRIANA DA SILVA HOZANO;07.07.2026;07:00;0;702005834341781;HELENA DE ARRUDA;01.08.2023;02;35;ANA PAULA DE ARRUDA;RUA;SARACURA;;615;JARDIM GRAMADO;79490000;(67)99935-3523;SAO GABRIEL DO OESTE;500769;SAO GABRIEL DO OESTE;500769;8176124;CASA AZUL VIDA;F;11.06.2026;FABIANA_DHEIN;11.06.2026;FABIANA_DHEIN;0.00;PENDENTE;Z00;;LEDA MARIA PAES DA SILVA DOS SANTOS
672803547;0206062;0301080232;ACOLHIMENTO INICIAL POR CENTRO DE ATENÇÃO PSICOSSOCIAL;69429570110;LAURA ADRIANA DA SILVA HOZANO;14.07.2026;07:00;0;700706976581772;BYANCA REGINA COELHO REIS;19.10.2012;13;164;KEYSER REGINA COELHO DE AZEVEDO;RUA;JORGE AMADO;;809;PRIMO MAFFISSONI;79490278;(67)99942-6142 / (67)99979-0134;SAO GABRIEL DO OESTE;500769;SAO GABRIEL DO OESTE;500769;7333218;UNIDADE DE SAUDE DA FAMILIA X;F;11.06.2026;RAISSASILVALIMA;11.06.2026;RAISSASILVALIMA;0.00;PENDENTE;F900;63805480172;CLEDSON PERETTI
672951997;0206062;0301080232;ACOLHIMENTO INICIAL POR CENTRO DE ATENÇÃO PSICOSSOCIAL;69429570110;LAURA ADRIANA DA SILVA HOZANO;14.07.2026;07:00;0;706909167574233;MIGUEL THOME DE FRANCA;16.07.2017;09;108;VANESSA VILELA THOME;RUA;IPÊ;CASA;517;SÃO CRISTOVÃO;79491180;(67)99839-3636;SAO GABRIEL DO OESTE;500769;SAO GABRIEL DO OESTE;500769;7002084;UNIDADE DE SAUDE DA FAMILIA IX;M;11.06.2026;AMANDALUIZA_BIAZUS;11.06.2026;AMANDALUIZA_BIAZUS;0.00;PENDENTE;F900;06901507925;EVELYN KASSIA TUDISCO FERNANDES
672978378;0206062;0301080232;ACOLHIMENTO INICIAL POR CENTRO DE ATENÇÃO PSICOSSOCIAL;69429570110;LAURA ADRIANA DA SILVA HOZANO;14.07.2026;07:00;0;708504319466778;GAEL DA SILVA DE OLIVEIRA;03.10.2024;01;21;PATRICIA DA SILVA COLOMBO;RUA;JACARANDÁ;CASA;285;SAO CRISTOVAO;79490000;(67)99803-3787;SAO GABRIEL DO OESTE;500769;SAO GABRIEL DO OESTE;500769;8176124;CASA AZUL VIDA;M;11.06.2026;FABIANA_DHEIN;11.06.2026;FABIANA_DHEIN;0.00;PENDENTE;F800;;CLODOALDO SABINO DA SILVA
673073756;0206062;0301080232;ACOLHIMENTO INICIAL POR CENTRO DE ATENÇÃO PSICOSSOCIAL;69429570110;LAURA ADRIANA DA SILVA HOZANO;14.07.2026;07:00;0;700209994574321;MARIANA DOS SANTOS ROSA;18.02.2015;11;136;ANELISE CIDRAO ROSA;RUA;TRAVESSA SANTO ISIDORO;CASA;1102;MILANI;79490000;(67)99647-3426 / (67)98472-7194;SAO GABRIEL DO OESTE;500769;SAO GABRIEL DO OESTE;500769;8176132;CASA ROSA;F;12.06.2026;ARIROSA;12.06.2026;ARIROSA;0.00;PENDENTE;F90;;VANIA GOMES MARIANO 
673414411;0206062;0301080232;ACOLHIMENTO INICIAL POR CENTRO DE ATENÇÃO PSICOSSOCIAL;69429570110;LAURA ADRIANA DA SILVA HOZANO;07.07.2026;07:00;0;700003643696706;BENICIO SOUZA DOS ANJOS;26.05.2022;04;49;SILVANA CARNEIRO DE SOUZA;RUA;DAS CURRUIRAS;CASA;1649;FENIX;79491086;(67)99886-2501;SAO GABRIEL DO OESTE;500769;SAO GABRIEL DO OESTE;500769;6354265;CENTRAL DE REGULACAO DE SAO GABRIEL DO OESTE;M;15.06.2026;CLEIDIANE_REGULADOR;15.06.2026;CLEIDIANE_REGULADOR;0.00;PENDENTE;R463;65742103653;SOLICITANTE_SAO GABRIEL DO OESTE
673605246;0206062;0301080232;ACOLHIMENTO INICIAL POR CENTRO DE ATENÇÃO PSICOSSOCIAL;69429570110;LAURA ADRIANA DA SILVA HOZANO;14.07.2026;07:00;0;708404298611767;LUCAS GABRIEL STAUD SILVA;28.11.2018;07;91;MONICA PAOLA STAUD FIGUEREDO;RUA;TANGARA;;40;FÊNIX;79490000;(67)99889-8434 / (67)99931-8371;SAO GABRIEL DO OESTE;500769;SAO GABRIEL DO OESTE;500769;7002084;UNIDADE DE SAUDE DA FAMILIA IX;M;16.06.2026;AMANDALUIZA_BIAZUS;16.06.2026;AMANDALUIZA_BIAZUS;0.00;PENDENTE;F900;01415181110;ANGELA BENITES
673752884;0206062;0301080232;ACOLHIMENTO INICIAL POR CENTRO DE ATENÇÃO PSICOSSOCIAL;69429570110;LAURA ADRIANA DA SILVA HOZANO;21.07.2026;07:00;0;702908583838677;FELIPE ROMAN DE MOURA;13.01.2013;13;162;GLEICE KELLY ROSA ROMAN;RUA;FLORIANO PEIXOTO;;358;CENTRO;79400000;(67)99989-6301;COXIM;500330;SAO GABRIEL DO OESTE;500769;2370980;UNIDADE DE SAUDE DA FAMILIA JARDIM GRAMADO I;M;16.06.2026;ELISANGELA_UNIDADEI;18.06.2026;VANIA_MARIANO;0.00;PENDENTE;F913;01454652179;MAYARA MARIA MELKE GUIMARAES
673759992;0206062;0301080232;ACOLHIMENTO INICIAL POR CENTRO DE ATENÇÃO PSICOSSOCIAL;69429570110;LAURA ADRIANA DA SILVA HOZANO;14.07.2026;07:00;0;700205966490921;PEDRO LUCAS TEIXEIRA LOPES FACINCANI;28.07.2017;08;107;BEATRIZ FERNANDA TEIXEIRA RODRIGUES;TRAVESSA;SANTO ISIDORO;;1115;MILANI;79492076;(67)99842-4221;SAO GABRIEL DO OESTE;500769;SAO GABRIEL DO OESTE;500769;8176124;CASA AZUL VIDA;M;16.06.2026;FABIANA_DHEIN;16.06.2026;FABIANA_DHEIN;0.00;PENDENTE;Z00;;LUCAS MOURA
673780620;0206062;0301080232;ACOLHIMENTO INICIAL POR CENTRO DE ATENÇÃO PSICOSSOCIAL;69429570110;LAURA ADRIANA DA SILVA HOZANO;14.07.2026;07:00;0;705001014741853;JHONATAN DELGADO DA COSTA;10.01.2024;02;30;ANDRESSA CRISTINA DELGADO MACHADO;AVENIDA;CASTELO BRANCO;CASA FUNDOS;829;CENTRO;79490000;(67)98129-9002;SAO GABRIEL DO OESTE;500769;SAO GABRIEL DO OESTE;500769;8176132;CASA ROSA;M;16.06.2026;ANACLAUDIA_PASCOAL;16.06.2026;ANACLAUDIA_PASCOAL;0.00;PENDENTE;Z00;04145161173;RHUANNE SIQUEIRA GUIMARAES
673832013;0206062;0301080232;ACOLHIMENTO INICIAL POR CENTRO DE ATENÇÃO PSICOSSOCIAL;69429570110;LAURA ADRIANA DA SILVA HOZANO;14.07.2026;07:00;0;705009245694653;JEAN GUSTAVO CAETANO DE SOUZA;25.07.2022;03;47;TABATHA DE LIMA CAETANO;RUA;GAIVOTAS;CASA;1260;JARDIM GRAMADO;79491018;(67)99296-5076;SAO GABRIEL DO OESTE;500769;SAO GABRIEL DO OESTE;500769;8176124;CASA AZUL VIDA;M;16.06.2026;FABIANA_DHEIN;16.06.2026;FABIANA_DHEIN;0.00;PENDENTE;F80;;GEISIANE CAPILE RODRIGUES
673886439;0206062;0301080232;ACOLHIMENTO INICIAL POR CENTRO DE ATENÇÃO PSICOSSOCIAL;69429570110;LAURA ADRIANA DA SILVA HOZANO;14.07.2026;07:00;0;706207533414960;NICOLAS MIGUEL DA SILVA MONTESSI;28.07.2021;04;59;JEANE MICHELLI DA SILVA;RUA;CURIO;CASA;878;JARDIM GRAMADO;79490000;(67)99967-3870;SAO GABRIEL DO OESTE;500769;SAO GABRIEL DO OESTE;500769;8176132;CASA ROSA;M;17.06.2026;ANACLAUDIA_PASCOAL;17.06.2026;ANACLAUDIA_PASCOAL;0.00;PENDENTE;Z00;;LUCAS ALVES DE MOURA 
673914607;0206062;0301080232;ACOLHIMENTO INICIAL POR CENTRO DE ATENÇÃO PSICOSSOCIAL;69429570110;LAURA ADRIANA DA SILVA HOZANO;14.07.2026;07:00;0;705000845709750;SOPHIA GABRIELA DA SILVA LIMA;02.05.2022;04;50;DENISE SILVA DOS SANTOS;RUA;TANGARA;CASA 02;119;FENIX;79490000;(67)99927-6328;SAO GABRIEL DO OESTE;500769;SAO GABRIEL DO OESTE;500769;8176124;CASA AZUL VIDA;F;17.06.2026;FABIANA_DHEIN;17.06.2026;FABIANA_DHEIN;0.00;PENDENTE;Z01;;ROSEMEIRE TEIXEIRA FIGUEIREDO
673917531;0206062;0301080232;ACOLHIMENTO INICIAL POR CENTRO DE ATENÇÃO PSICOSSOCIAL;69429570110;LAURA ADRIANA DA SILVA HOZANO;14.07.2026;07:00;0;709809063725591;SAMUEL ARAUJO DE OLIVEIRA BRAGA;19.09.2019;06;81;ELIDAMAR BRAGA DE OLIVEIRA BRAGA;RUA;ALAGOAS;;3201;JARDIM PRIMAVERA;79490172;(67)99915-1911;SAO GABRIEL DO OESTE;500769;SAO GABRIEL DO OESTE;500769;2370964;UNIDADE DE SAUDE DA FAMILIA III;M;17.06.2026;ANACLAUDIA_NOGUEIRA;17.06.2026;ANACLAUDIA_NOGUEIRA;0.00;PENDENTE;F81;02611833974;HUDSON PERES DORIGAO BELISARIO DE SOUZA
674072442;0206062;0301080232;ACOLHIMENTO INICIAL POR CENTRO DE ATENÇÃO PSICOSSOCIAL;69429570110;LAURA ADRIANA DA SILVA HOZANO;21.07.2026;07:00;0;700203979384724;ALEJANDRO CARDOSO MATIENZO;15.03.2023;03;40;SUELI APARECIDA CARDOSO;RUA;ALAGOAS;;3334;JARDIM PRIMAVERA;79490172;(67)99811-0205;SAO GABRIEL DO OESTE;500769;SAO GABRIEL DO OESTE;500769;2370964;UNIDADE DE SAUDE DA FAMILIA III;M;17.06.2026;ANACLAUDIA_NOGUEIRA;17.06.2026;ANACLAUDIA_NOGUEIRA;0.00;PENDENTE;F900;02611833974;HUDSON PERES DORIGAO BELISARIO DE SOUZA
674576036;0206062;0301080232;ACOLHIMENTO INICIAL POR CENTRO DE ATENÇÃO PSICOSSOCIAL;69429570110;LAURA ADRIANA DA SILVA HOZANO;21.07.2026;07:00;0;707603278689093;FELIPE BATISTA MAZZO;20.01.2017;09;113;CAMILA PEREIRA BATISTA DA SILVA;RUA;PRESIDENTE CASTELO BRANCO;;491;FLAVIO GARCIA;79400000;(67)99973-9959;COXIM;500330;SAO GABRIEL DO OESTE;500769;8176124;CASA AZUL VIDA;M;19.06.2026;FABIANA_DHEIN;19.06.2026;FABIANA_DHEIN;0.00;PENDENTE;Z00;71343610125;AFONSO MENDES MEDEIROS
674648571;0206062;0301080232;ACOLHIMENTO INICIAL POR CENTRO DE ATENÇÃO PSICOSSOCIAL;69429570110;LAURA ADRIANA DA SILVA HOZANO;28.07.2026;07:00;0;706401656616785;EVELYN FRANCA SILVA OLIVEIRA;08.05.2021;05;62;FRANCIELLE FRANCA CEBALHO;RUA;DAS GAIVOTAS 1466/99999;;2359;FENIX;79491094;(67)99330-7931 / (67)99976-4977;SAO GABRIEL DO OESTE;500769;SAO GABRIEL DO OESTE;500769;6452116;CENTRO DE ESPECIALIDADES MEDICAS;F;22.06.2026;TAINA_CEM;22.06.2026;TAINA_CEM;0.00;PENDENTE;F80;;GESIANE CAPILE RODRIGUES
674829409;0206062;0301080232;ACOLHIMENTO INICIAL POR CENTRO DE ATENÇÃO PSICOSSOCIAL;69429570110;LAURA ADRIANA DA SILVA HOZANO;21.07.2026;07:00;0;708606043032583;MIGUEL DE ALMEIDA SOUSA;15.03.2022;04;52;VALDENIRA DE ALMEIDA FURTADO;RUA;PICA-PAU;;565;JARDIM GRAMADO;79491036;(67)99192-8367;SAO GABRIEL DO OESTE;500769;SAO GABRIEL DO OESTE;500769;5971055;UNIDADE DE SAUDE DA FAMILIA VIII;M;22.06.2026;JESSICAPADILHA;22.06.2026;JESSICAPADILHA;0.00;PENDENTE;F840;04805244160;RENNAN ORTIZ BUENO
674858018;0206062;0301080232;ACOLHIMENTO INICIAL POR CENTRO DE ATENÇÃO PSICOSSOCIAL;69429570110;LAURA ADRIANA DA SILVA HOZANO;21.07.2026;07:00;0;707003836615438;MARLLON GAMARRA CANHETE;21.01.2014;12;149;NUBIA LARISSA DUTRA GAMARRA;RUA;BAHIA;CASA 2;2416;AMABILE MAFFISSONI;79490106;(67)99959-5746;SAO GABRIEL DO OESTE;500769;SAO GABRIEL DO OESTE;500769;2599376;UNIDADE DE SAUDE DA FAMILIA VI;M;22.06.2026;MARIANA_MARTINS;22.06.2026;MARIANA_MARTINS;0.00;PENDENTE;F900;06437691107;MAIARA FLORES SCARIOT
674877181;0206062;0301080232;ACOLHIMENTO INICIAL POR CENTRO DE ATENÇÃO PSICOSSOCIAL;69429570110;LAURA ADRIANA DA SILVA HOZANO;21.07.2026;07:00;0;708403795112261;GHAEL FERREIRA DE ARRUDA;08.06.2022;04;49;ANA CLAUDIA FERREIRA DA SILVA;RUA;TUIUIU;CASA;1580;JARDIM GRAMADO;79490000;(67)99628-9512;SAO GABRIEL DO OESTE;500769;SAO GABRIEL DO OESTE;500769;8176124;CASA AZUL VIDA;M;22.06.2026;FABIANA_DHEIN;22.06.2026;FABIANA_DHEIN;0.00;PENDENTE;Z00;;ROSEMEIRE TEIXEIRA FIGUEIREDO
674986970;0206062;0301080232;ACOLHIMENTO INICIAL POR CENTRO DE ATENÇÃO PSICOSSOCIAL;69429570110;LAURA ADRIANA DA SILVA HOZANO;21.07.2026;07:00;0;704805046142848;CAIO HENRIQUE SANTOS CARLOS;06.06.2011;15;181;JAQUELINE SANTOS DA SILVA;RUA;TANGARA;;50;FENIX;79490000;(67)99825-2954 / (67)99825-2954;SAO GABRIEL DO OESTE;500769;SAO GABRIEL DO OESTE;500769;8176124;CASA AZUL VIDA;M;23.06.2026;FABIANA_DHEIN;23.06.2026;FABIANA_DHEIN;0.00;PENDENTE;Z00;03095910150;THAMIS PAULA ZAMPIVA
674995851;0206062;0301080232;ACOLHIMENTO INICIAL POR CENTRO DE ATENÇÃO PSICOSSOCIAL;69429570110;LAURA ADRIANA DA SILVA HOZANO;21.07.2026;07:00;0;702403526840927;JOAO PEDRO SANTOS DA SILVA;27.11.2013;12;151;JAQUELINE SANTOS DA SILVA;RUA;TANGARA;;50;FENIX;79490000;(67)99825-2954;SAO GABRIEL DO OESTE;500769;SAO GABRIEL DO OESTE;500769;8176124;CASA AZUL VIDA;M;23.06.2026;FABIANA_DHEIN;23.06.2026;FABIANA_DHEIN;0.00;PENDENTE;Z00;03095910150;THAMIS PAULA ZAMPIVA
675186768;0206062;0301080232;ACOLHIMENTO INICIAL POR CENTRO DE ATENÇÃO PSICOSSOCIAL;69429570110;LAURA ADRIANA DA SILVA HOZANO;21.07.2026;07:00;0;700007253035903;JOAO MIGUEL TAVARES RODRIGUES;09.09.2020;05;70;JOSIANE DOS REIS TAVARES RODRIGUES;RUA;SAO PAULO;;2579;AMABILE MAFISSONE;79490086;(67)99972-5061;SAO GABRIEL DO OESTE;500769;SAO GABRIEL DO OESTE;500769;8176124;CASA AZUL VIDA;M;24.06.2026;FABIANA_DHEIN;24.06.2026;FABIANA_DHEIN;0.00;PENDENTE;F900;;HUDSON PERES DE SOUZA
675314658;0206062;0301080232;ACOLHIMENTO INICIAL POR CENTRO DE ATENÇÃO PSICOSSOCIAL;69429570110;LAURA ADRIANA DA SILVA HOZANO;21.07.2026;07:00;0;702606209133245;EDUARDO DA SILVA JABLONSKI;28.07.2014;11;143;ANGELINA CASSIA DA SILVA;RUA;CHACARA SANTO ANTONIO;;S/N;FENIX;79490000;(67)99682-9913;SAO GABRIEL DO OESTE;500769;SAO GABRIEL DO OESTE;500769;8176124;CASA AZUL VIDA;M;24.06.2026;FABIANA_DHEIN;24.06.2026;FABIANA_DHEIN;0.00;PENDENTE;F840;;ALANE LAURA
675347245;0206062;0301080232;ACOLHIMENTO INICIAL POR CENTRO DE ATENÇÃO PSICOSSOCIAL;69429570110;LAURA ADRIANA DA SILVA HOZANO;21.07.2026;07:00;0;706808234892823;GABRIEL MACIEL BORGES;22.11.2010;15;187;ATENISA MACIEL DA SILVA;RUA;SÃO JORGE;;242;PRIOMO MAFFISSONI;79490000;(67)99601-4033;SAO GABRIEL DO OESTE;500769;SAO GABRIEL DO OESTE;500769;8176124;CASA AZUL VIDA;M;24.06.2026;FABIANA_DHEIN;24.06.2026;FABIANA_DHEIN;0.00;PENDENTE;Z00;03095910150;THAMIS PAULA ZAMPIVA
675575232;0206062;0301080232;ACOLHIMENTO INICIAL POR CENTRO DE ATENÇÃO PSICOSSOCIAL;69429570110;LAURA ADRIANA DA SILVA HOZANO;28.07.2026;07:00;0;700605971156569;JOAQUIM PAIVA CZELUSNIAK;27.10.2021;04;56;BRUNA BEATRIZ DE PAIVA;RUA;PEDRO MEDICI;CASA B;1657;JARDIM ELDORADO;19914560;(67)99835-2260;OURINHOS;353470;SAO GABRIEL DO OESTE;500769;7002084;UNIDADE DE SAUDE DA FAMILIA IX;M;25.06.2026;AMANDALUIZA_BIAZUS;25.06.2026;AMANDALUIZA_BIAZUS;0.00;PENDENTE;F900;06901507925;EVELYN KASSIA TUDISCO FERNANDES
675712382;0206062;0301080232;ACOLHIMENTO INICIAL POR CENTRO DE ATENÇÃO PSICOSSOCIAL;69429570110;LAURA ADRIANA DA SILVA HOZANO;28.07.2026;07:00;0;700204981472628;PEDRO FRANCISCO BARROS DA SILVA;30.09.2013;12;153;ANDREIA SILVA BARROS;RUA;SARACURA;;1180;JARDIM GRAMADO;79491002;(67)99944-9108;SAO GABRIEL DO OESTE;500769;SAO GABRIEL DO OESTE;500769;8176124;CASA AZUL VIDA;M;26.06.2026;FABIANA_DHEIN;26.06.2026;FABIANA_DHEIN;0.00;PENDENTE;F900;;MAYARA MELKE
675783603;0206062;0301080232;ACOLHIMENTO INICIAL POR CENTRO DE ATENÇÃO PSICOSSOCIAL;69429570110;LAURA ADRIANA DA SILVA HOZANO;28.07.2026;07:00;0;700305924868232;DANIEL FLORES DA COSTA;20.06.2022;04;48;DAYANY HONORINA LOPES FLORES DA COSTA;RUA;CAMBARA;;566;SAO CRISTOVAO;79490000;(67)99815-1626;SAO GABRIEL DO OESTE;500769;SAO GABRIEL DO OESTE;500769;8176124;CASA AZUL VIDA;M;26.06.2026;FABIANA_DHEIN;26.06.2026;FABIANA_DHEIN;0.00;PENDENTE;F80;69429570110;LAURA ADRIANA DA SILVA HOZANO
675911590;0206062;0301080232;ACOLHIMENTO INICIAL POR CENTRO DE ATENÇÃO PSICOSSOCIAL;69429570110;LAURA ADRIANA DA SILVA HOZANO;28.07.2026;07:00;0;701806293810479;MATTEO ALMEIDA ASCHI;21.12.2023;02;30;CAROLINE ASCHI REIS;RUA;CASTANHEIRA;;398;SAO CRISTOVAO;79491182;(67)99871-9767;SAO GABRIEL DO OESTE;500769;SAO GABRIEL DO OESTE;500769;8176124;CASA AZUL VIDA;M;29.06.2026;FABIANA_DHEIN;29.06.2026;FABIANA_DHEIN;0.00;PENDENTE;R13;;EVELYN KASSIA TUDISCO FERNANDES
676011241;0206062;0301080232;ACOLHIMENTO INICIAL POR CENTRO DE ATENÇÃO PSICOSSOCIAL;69429570110;LAURA ADRIANA DA SILVA HOZANO;28.07.2026;07:00;0;898004092270773;LUIZ HENRIQUE GOMES BALBINO;13.11.2013;12;152;FLAVIANA LELIS GOMES BALBINO;RUA;PATATIVA;;244;JARDIM DOS PASSAROS;79490000;(67)9635-3777;SAO GABRIEL DO OESTE;500769;SAO GABRIEL DO OESTE;500769;8176124;CASA AZUL VIDA;M;29.06.2026;FABIANA_DHEIN;29.06.2026;FABIANA_DHEIN;0.00;PENDENTE;F913;;MAYARA MELKE
676242426;0206062;0301080232;ACOLHIMENTO INICIAL POR CENTRO DE ATENÇÃO PSICOSSOCIAL;69429570110;LAURA ADRIANA DA SILVA HOZANO;28.07.2026;07:00;0;702900557114171;BRYAN RIAN LIMA DA CONCEICAO;16.11.2020;05;68;MARIA GABRIELE LIMA DA SILVA;RUA;SANTO ANGELO;;385;MILANI;79492092;(41)98849-8669;SAO GABRIEL DO OESTE;500769;SAO GABRIEL DO OESTE;500769;2370972;UNIDADE DE SAUDE DA FAMILIA MILANE II;M;30.06.2026;FLAVIA_RODRIGUES;30.06.2026;FLAVIA_RODRIGUES;0.00;PENDENTE;F840;02453491113;MILENA GUEDIN VARGAS
676243979;0206062;0301080232;ACOLHIMENTO INICIAL POR CENTRO DE ATENÇÃO PSICOSSOCIAL;69429570110;LAURA ADRIANA DA SILVA HOZANO;28.07.2026;07:00;0;704102138226073;MARIA EDUARDA DA GAMA LOPES;30.01.2019;07;89;IZABELA CONCEICAO DA GAMA;RUA;ANTÔNIO LAMBERT;CASA;1847;MILANI;79492064;(67)99677-5596;SAO GABRIEL DO OESTE;500769;SAO GABRIEL DO OESTE;500769;2370972;UNIDADE DE SAUDE DA FAMILIA MILANE II;F;30.06.2026;FLAVIA_RODRIGUES;30.06.2026;FLAVIA_RODRIGUES;0.00;PENDENTE;F900;02453491113;MILENA GUEDIN VARGAS
676285417;0206062;0301080232;ACOLHIMENTO INICIAL POR CENTRO DE ATENÇÃO PSICOSSOCIAL;69429570110;LAURA ADRIANA DA SILVA HOZANO;28.07.2026;07:00;0;700602979648670;BIANCA BONIFACIO OLIVEIRA;02.10.2009;16;201;EUDES BONIFACIO OLIVEIRA;RUA;PAPAGAIO;;619;JARDIM GRAMADO;79491032;(67)99648-3506;SAO GABRIEL DO OESTE;500769;SAO GABRIEL DO OESTE;500769;8176124;CASA AZUL VIDA;F;30.06.2026;FABIANA_DHEIN;30.06.2026;FABIANA_DHEIN;0.00;PENDENTE;F90;69429570110;LAURA ADRIANA DA SILVA HOZANO
676837635;0206062;0301080232;ACOLHIMENTO INICIAL POR CENTRO DE ATENÇÃO PSICOSSOCIAL;69429570110;LAURA ADRIANA DA SILVA HOZANO;28.07.2026;07:00;0;701404679052030;ANTHONY RAFAEL CAITANO HUPALO;15.10.2021;04;57;RANNIELY CAITANO TAVARES;RUA;GAIVOTAS;CASA;1286;JARDIM GRAMADO;79490000;(67)99859-6418;SAO GABRIEL DO OESTE;500769;SAO GABRIEL DO OESTE;500769;8176124;CASA AZUL VIDA;M;02.07.2026;FABIANA_DHEIN;02.07.2026;FABIANA_DHEIN;0.00;PENDENTE;F913;;EVELYN KASSIA TUDISCO FERNANDES
676919237;0206062;0301080232;ACOLHIMENTO INICIAL POR CENTRO DE ATENÇÃO PSICOSSOCIAL;69429570110;LAURA ADRIANA DA SILVA HOZANO;28.07.2026;07:00;0;706502308850190;YAN GABRIEL DE PAULA SILVA;17.07.2013;12;155;FERNANDA CRISTINA DE PAULA DO ROSARIO;RUA;PARDAIS;CASA;1223;FÊNIX;79491064;(67)99656-1922 / (67)99641-3164;SAO GABRIEL DO OESTE;500769;SAO GABRIEL DO OESTE;500769;2370999;UNIDADE DE SAUDE DA FAMILIA FENIX IV;M;03.07.2026;GUSTAVO_PIAIA;03.07.2026;GUSTAVO_PIAIA;0.00;PENDENTE;F913;96245646120;RAFAELLA MARIA COSTA GOIS DE FIGUEIREDO
677073792;0206062;0301080232;ACOLHIMENTO INICIAL POR CENTRO DE ATENÇÃO PSICOSSOCIAL;69429570110;LAURA ADRIANA DA SILVA HOZANO;28.07.2026;07:00;0;703403228989211;JEFERSON TEODORO ESPINDOLA;04.06.2014;12;145;GLACIELY TEODORO DE FREITAS;RUA;RIO DE JANEIRO;;2665;CENTRO;79490000;(67)99651-8399;SAO GABRIEL DO OESTE;500769;SAO GABRIEL DO OESTE;500769;7002084;UNIDADE DE SAUDE DA FAMILIA IX;M;03.07.2026;AMANDALUIZA_BIAZUS;03.07.2026;AMANDALUIZA_BIAZUS;0.00;PENDENTE;F913;06901507925;EVELYN KASSIA TUDISCO FERNANDES
678733490;0206062;0301080232;ACOLHIMENTO INICIAL POR CENTRO DE ATENÇÃO PSICOSSOCIAL;69429570110;LAURA ADRIANA DA SILVA HOZANO;14.07.2026;07:00;0;705200412611574;RAEL ZANONI RIBEIRO;08.12.2020;05;67;SOLANGE VITORIA GUIMARAES ZANONI;RUA;TUIUIU;;1346;JARDIM GRAMADO;79490000;(67)99890-6209;SAO GABRIEL DO OESTE;500769;SAO GABRIEL DO OESTE;500769;6354265;CENTRAL DE REGULACAO DE SAO GABRIEL DO OESTE;M;13.07.2026;CLEIDIANE_REGULADOR;13.07.2026;CLEIDIANE_REGULADOR;0.00;PENDENTE;F913;65742103653;SOLICITANTE_SAO GABRIEL DO OESTE
678735076;0206062;0301080232;ACOLHIMENTO INICIAL POR CENTRO DE ATENÇÃO PSICOSSOCIAL;69429570110;LAURA ADRIANA DA SILVA HOZANO;21.07.2026;07:00;0;700403459039842;HELOYSE MARIANA ANHANI FERREIRA;28.12.2018;07;90;KELLI CRISTINA ANHANI;RUA;CURICACA;CASA;707;JARDIM GRAMADO;79491010;(67)99623-7977;SAO GABRIEL DO OESTE;500769;SAO GABRIEL DO OESTE;500769;8176124;CASA AZUL VIDA;F;13.07.2026;FABIANA_DHEIN;13.07.2026;FABIANA_DHEIN;0.00;PENDENTE;Z01;58322434120;VALDETE NANDI CARDOZO
