Cód. Solicitação;Data da Solicitação;Paciente;Idade Paciente;Procedimento;CID;Dias em Espera
688329861;01/09/2026;ANTONIO NUNES DE CARVALHO;80 anos;TESTE DE ESFORCO OU TESTE ERGOMETRICO;Z016;35
688330234;01/09/2026;ANTONIO NUNES DE CARVALHO;80 anos;ECOCARDIOGRAMA TRANSTORACICO;Z016;35
688332485;01/09/2026;HELIO DARCI PLETSCH;70 anos;MONITORIZACAO AMBULATORIAL DE PRESSAO ARTERIAL (M.A.P.A);Z016;35
688344472;01/09/2026;CECILIA PEREIRA DA SILVA ROSA;63 anos;ECOCARDIOGRAMA TRANSTORACICO;R060;35
688344522;01/09/2026;CECILIA PEREIRA DA SILVA ROSA;63 anos;TESTE DE ESFORCO OU TESTE ERGOMETRICO;R060;35
688349823;01/09/2026;GREGORIO RECHER;65 anos;MONITORIZACAO AMBULATORIAL DE PRESSAO ARTERIAL (M.A.P.A);I10;35
688350142;01/09/2026;GREGORIO RECHER;65 anos;TESTE DE ESFORCO OU TESTE ERGOMETRICO;I10;35
688350701;01/09/2026;GREGORIO RECHER;65 anos;ECOCARDIOGRAMA TRANSTORACICO;I10;35
688356402;01/09/2026;VICTOR LUIZ MARTINS CURRALES;65 anos;MONITORIZACAO AMBULATORIAL DE PRESSAO ARTERIAL (M.A.P.A);I10;35
688367908;01/09/2026;CRISTOVAO HENRIQUE;60 anos;MONITORIZACAO AMBULATORIAL DE PRESSAO ARTERIAL (M.A.P.A);I10;35
688373283;01/09/2026;ENES CUSTODIO DE SANTANA;60 anos;ECOCARDIOGRAMA TRANSTORACICO;I10;35
688373406;01/09/2026;ENES CUSTODIO DE SANTANA;60 anos;HOLTER 24 HORAS;I10;35
688377479;01/09/2026;ILZA MARIA COSTA;63 anos;ECOCARDIOGRAMA TRANSTORACICO;I10;35
688377553;01/09/2026;ILZA MARIA COSTA;63 anos;MONITORIZACAO AMBULATORIAL DE PRESSAO ARTERIAL (M.A.P.A);I10;35
688394724;01/09/2026;ELIAS NATALINO LEME;71 anos;ECOCARDIOGRAMA TRANSTORACICO;I10;35
688394854;01/09/2026;ELIAS NATALINO LEME;71 anos;TESTE DE ESFORCO OU TESTE ERGOMETRICO;I10;35
688395500;01/09/2026;ELIAS NATALINO LEME;71 anos;MONITORIZACAO AMBULATORIAL DE PRESSAO ARTERIAL (M.A.P.A);I10;35
688403690;01/09/2026;ABADIA ALVES DA SILVA VIEIRA;63 anos;CONSULTA EM ORTOPEDIA - GERAL;Z00;35
688411235;01/09/2026;FRANCINA LACERDA DOS REIS;73 anos;ECOCARDIOGRAMA TRANSTORACICO;Z712;35
688411296;01/09/2026;FRANCINA LACERDA DOS REIS;73 anos;MONITORIZACAO AMBULATORIAL DE PRESSAO ARTERIAL (M.A.P.A);Z712;35
688411817;01/09/2026;FRANCINA LACERDA DOS REIS;73 anos;ECODOPPLERCARDIOGRAMA COM ESTRESSE FARMACOLOGICO;Z712;35
688415585;01/09/2026;RODRIGO BATISTA ALVES;45 anos;TESTE DE ESFORCO OU TESTE ERGOMETRICO;I10;35
688415694;01/09/2026;RODRIGO BATISTA ALVES;45 anos;ECOCARDIOGRAMA TRANSTORACICO;I10;35
688416612;01/09/2026;RODRIGO BATISTA ALVES;45 anos;MONITORIZACAO AMBULATORIAL DE PRESSAO ARTERIAL (M.A.P.A);I10;35
688451331;01/09/2026;MARCOS BARBOSA ALCAMENDIA;38 anos;TESTE DE ESFORCO OU TESTE ERGOMETRICO;Z016;35
688451836;01/09/2026;MARCOS BARBOSA ALCAMENDIA;38 anos;ECOCARDIOGRAMA TRANSTORACICO;Z016;35
688453140;01/09/2026;CRISTIANE FERREIRA DOS SANTOS;45 anos;TESTE DE ESFORCO OU TESTE ERGOMETRICO;C10;35
688453504;01/09/2026;CRISTIANE FERREIRA DOS SANTOS;45 anos;ECOCARDIOGRAMA TRANSTORACICO;C10;35
688453818;01/09/2026;CRISTIANE FERREIRA DOS SANTOS;45 anos;ULTRA-SONOGRAFIA DOPPLER DE CAROTIDAS E VERTEBRAIS;C10;35
688511440;01/09/2026;WALDEMAR BONES DA LUZ;71 anos;TESTE DE ESFORCO OU TESTE ERGOMETRICO;I10;35
688511542;01/09/2026;WALDEMAR BONES DA LUZ;71 anos;ECOCARDIOGRAMA TRANSTORACICO;I10;35
688516947;01/09/2026;ODONIO PEREIRA DE SOUZA;47 anos;ECOCARDIOGRAMA TRANSTORACICO;Z016;35
688517297;01/09/2026;ODONIO PEREIRA DE SOUZA;47 anos;TESTE DE ESFORCO OU TESTE ERGOMETRICO;Z016;35
688523102;01/09/2026;ROSELY GONCALVES DA SILVA;58 anos;ECOCARDIOGRAMA TRANSTORACICO;Z016;35
688523641;01/09/2026;ROSELY GONCALVES DA SILVA;58 anos;TESTE DE ESFORCO OU TESTE ERGOMETRICO;Z016;35
688538642;01/09/2026;LEONILDA GARCIA;58 anos;TESTE DE ESFORCO OU TESTE ERGOMETRICO;Z016;35
688539092;01/09/2026;LEONILDA GARCIA;58 anos;ECOCARDIOGRAMA TRANSTORACICO;Z016;35
688539535;01/09/2026;LEONILDA GARCIA;58 anos;MONITORIZACAO AMBULATORIAL DE PRESSAO ARTERIAL (M.A.P.A);Z016;35
688543579;01/09/2026;MARILDA CANDIDA DE SOUZA;47 anos;TESTE DE ESFORCO OU TESTE ERGOMETRICO;I10;35
688543658;01/09/2026;MARILDA CANDIDA DE SOUZA;47 anos;HOLTER 24 HORAS;I10;35
688544021;01/09/2026;MARILDA CANDIDA DE SOUZA;47 anos;ECOCARDIOGRAMA TRANSTORACICO;I10;35
688559883;01/09/2026;RODRIGO DA SILVA;42 anos;TESTE DE ESFORCO OU TESTE ERGOMETRICO;R55;35
688559962;01/09/2026;RODRIGO DA SILVA;42 anos;ECOCARDIOGRAMA TRANSTORACICO;R55;35
688560195;01/09/2026;RODRIGO DA SILVA;42 anos;MONITORIZACAO AMBULATORIAL DE PRESSAO ARTERIAL (M.A.P.A);R55;35
688560366;01/09/2026;RODRIGO DA SILVA;42 anos;HOLTER 24 HORAS;R55;35
688587837;01/09/2026;ALEXANDRE HOREN;56 anos;ECOCARDIOGRAMA TRANSTORACICO;I10;35
688587860;01/09/2026;ALEXANDRE HOREN;56 anos;TESTE DE ESFORCO OU TESTE ERGOMETRICO;I10;35
688587890;01/09/2026;ALEXANDRE HOREN;56 anos;MONITORIZACAO AMBULATORIAL DE PRESSAO ARTERIAL (M.A.P.A);I10;35
694059399;01/10/2026;SONIA LUZIA DA SILVA GONCALVES;49 anos;MONITORIZACAO AMBULATORIAL DE PRESSAO ARTERIAL (M.A.P.A);I10;5
694059713;01/10/2026;SONIA LUZIA DA SILVA GONCALVES;49 anos;TESTE DE ESFORCO OU TESTE ERGOMETRICO;I10;5
694059877;01/10/2026;SONIA LUZIA DA SILVA GONCALVES;49 anos;ECOCARDIOGRAMA TRANSTORACICO;I10;5
694061146;01/10/2026;PEDRO DA SILVA DE JESUS;64 anos;TESTE DE ESFORCO OU TESTE ERGOMETRICO;R074;5
694061359;01/10/2026;PEDRO DA SILVA DE JESUS;64 anos;ULTRA-SONOGRAFIA DOPPLER DE CAROTIDAS E VERTEBRAIS;R074;5
694061718;01/10/2026;PEDRO DA SILVA DE JESUS;64 anos;MONITORIZACAO AMBULATORIAL DE PRESSAO ARTERIAL (M.A.P.A);R074;5
694061922;01/10/2026;PEDRO DA SILVA DE JESUS;64 anos;ECOCARDIOGRAMA TRANSTORACICO;R074;5
694064086;01/10/2026;LEIDIANE APARECIDA DE OLIVEIRA VIEIRA;39 anos;CONSULTA EM CIRURGIA GERAL - PEQ CIRURGIA;L989;5
694066436;01/10/2026;ISABEL FERNANDES DE MELO;17 anos;CONSULTA EM CIRURGIA GERAL - PEQ CIRURGIA;B07;5
694066918;01/10/2026;GABRIELLY AMANCIO SOARES;23 anos;CONSULTA EM CIRURGIA GERAL;Z099;5
694072689;01/10/2026;NATALINO DA ROCHA RIBEIRO;61 anos;CONSULTA EM UROLOGIA - GERAL;Z099;5
694073614;01/10/2026;JOAO ALVES DE SOUSA;74 anos;CONSULTA EM PNEUMOLOGIA - GERAL;Z099;5
694074820;01/10/2026;MARIA APARECIDA CARLOS;52 anos;ECOCARDIOGRAMA TRANSTORACICO;Z099;5
694074972;01/10/2026;MARIA APARECIDA CARLOS;52 anos;ULTRA-SONOGRAFIA DOPPLER DE CAROTIDAS E VERTEBRAIS;Z099;5
694075265;01/10/2026;MARIA APARECIDA CARLOS;52 anos;TESTE DE ESFORCO OU TESTE ERGOMETRICO;Z099;5
694084902;01/10/2026;EUVANIRA FERREIRA ALVES;56 anos;CONSULTA EM OFTALMOLOGIA GERAL;Z099;5
694086124;01/10/2026;DIRCE PEDROZO;70 anos;ECOCARDIOGRAMA TRANSTORACICO;Z099;5
694086425;01/10/2026;DIRCE PEDROZO;70 anos;HOLTER 24 HORAS;Z099;5
694087516;01/10/2026;HENRY ROBERTH DA SILVA NANTES;7 anos;CONSULTA EM UROLOGIA - GERAL;Z099;5
694091891;01/10/2026;ANDRIELLY MOURA DE SOUZA;31 anos;CONSULTA EM PNEUMOLOGIA - GERAL;Z099;5
694101410;01/10/2026;ANTONIA MARLENE DA SILVA NASCIMENTO;60 anos;CONSULTA EM CARDIOLOGIA;Z099;5
694102480;01/10/2026;ABEL LEITE DA ROCHA;9 anos;CONSULTA EM CIRURGIA GERAL - PEQ CIRURGIA;L84;5
694104645;01/10/2026;MARIA APARECIDA SIQUEIRA ALVES;68 anos;ECOCARDIOGRAMA TRANSTORACICO;I10;5
694104827;01/10/2026;MARIA APARECIDA SIQUEIRA ALVES;68 anos;TESTE DE ESFORCO OU TESTE ERGOMETRICO;I10;5
694105191;01/10/2026;MARIA APARECIDA SIQUEIRA ALVES;68 anos;ULTRA-SONOGRAFIA DOPPLER DE CAROTIDAS E VERTEBRAIS;I10;5
694106925;01/10/2026;DIRCEIA KUNRATH;43 anos;MONITORIZACAO AMBULATORIAL DE PRESSAO ARTERIAL (M.A.P.A);Z099;5
694107142;01/10/2026;DIRCEIA KUNRATH;43 anos;ECOCARDIOGRAMA TRANSTORACICO;Z099;5
694107282;01/10/2026;DIRCEIA KUNRATH;43 anos;TESTE DE ESFORCO OU TESTE ERGOMETRICO;Z099;5
694132205;01/10/2026;ABADIA DE OLIVEIRA SILVA;52 anos;ECOCARDIOGRAMA TRANSTORACICO;Z099;5
694132400;01/10/2026;ABADIA DE OLIVEIRA SILVA;52 anos;TESTE DE ESFORCO OU TESTE ERGOMETRICO;Z099;5
694151559;01/10/2026;ANNA LIVIA ALVES DA SILVA;9 anos;CONSULTA EM PNEUMOLOGIA - GERAL;Z099;5
694178522;01/10/2026;ANA VILELA DOS SANTOS DA SILVA;29 anos;TESTE DE ESFORCO OU TESTE ERGOMETRICO;Z099;5
694178684;01/10/2026;ANA VILELA DOS SANTOS DA SILVA;29 anos;ECOCARDIOGRAMA TRANSTORACICO;Z099;5
694179810;01/10/2026;MATILDE DIAS DA SILVA;68 anos;CONSULTA EM ORTOPEDIA - GERAL;Z099;5
694262928;01/10/2026;RAQUEL MIYAHIRA MORAES;48 anos;CONSULTA EM ORTOPEDIA - GERAL;Z099;5
694275059;01/10/2026;IRACI DA SILVA SACHETTI;60 anos;CONSULTA EM CARDIOLOGIA;Z099;5
694277710;01/10/2026;DANILO DE OLIVEIRA GONCALVES;38 anos;CONSULTA EM ORTOPEDIA - GERAL;Z099;5
694283696;01/10/2026;NEUSA NUNES DE JESUS;76 anos;ULTRA-SONOGRAFIA DOPPLER DE CAROTIDAS E VERTEBRAIS;I10;5
694283731;01/10/2026;NEUSA NUNES DE JESUS;76 anos;ECOCARDIOGRAMA TRANSTORACICO;I10;5
694284544;01/10/2026;NEUSA NUNES DE JESUS;76 anos;CONSULTA EM CARDIOLOGIA;I10;5
694286161;01/10/2026;CAMILA KATE SOARES DE OLIVEIRA;34 anos;CONSULTA EM ORTOPEDIA - GERAL;M751;5
694295187;01/10/2026;ZELIA ALVES MARTINS;45 anos;CONSULTA EM CARDIOLOGIA;I10;5
694299050;01/10/2026;ADRIANA BILO;53 anos;CONSULTA EM ORTOPEDIA - GERAL;Z099;5
676730345;02/07/2026;MARGARETE DA SILVA SOUZA;52 anos;GRUPO - ULTRASSONOGRAFIA ARTICULACOES;Z001;96
688661683;02/09/2026;IZAURA NERES GONCALVES;68 anos;CONSULTA EM CARDIOLOGIA;I50;34
688693523;02/09/2026;LOURENCO SIQUEIRA;61 anos;ULTRA-SONOGRAFIA DOPPLER DE CAROTIDAS E VERTEBRAIS;R55;34
688693623;02/09/2026;LOURENCO SIQUEIRA;61 anos;HOLTER 24 HORAS;R55;34
688719604;02/09/2026;EDEMAR PAULO BRUN;75 anos;ECOCARDIOGRAMA TRANSTORACICO;I10;34
688719700;02/09/2026;EDEMAR PAULO BRUN;75 anos;ULTRA-SONOGRAFIA DOPPLER DE CAROTIDAS E VERTEBRAIS;I10;34
688809269;02/09/2026;HILARIO PETROLI;69 anos;CONSULTA EM CIRURGIA VASCULAR – GERAL;Z00;34
694329084;02/10/2026;MARCIA MARIA SANTANA DE HOLLANDA SILVA;53 anos;TESTE DE ESFORCO OU TESTE ERGOMETRICO;I25;4
694329215;02/10/2026;MARCIA MARIA SANTANA DE HOLLANDA SILVA;53 anos;ECOCARDIOGRAMA TRANSTORACICO;I25;4
694330718;02/10/2026;MARTA PEREIRA NUNES;45 anos;CONSULTA EM PNEUMOLOGIA - GERAL;Z099;4
694337655;02/10/2026;OTILIA DA SILVA;63 anos;CONSULTA EM PNEUMOLOGIA - GERAL;Z099;4
694339624;02/10/2026;MARA RUBIA MENEGHEL KREUTZ;69 anos;CONSULTA EM PNEUMOLOGIA - GERAL;Z099;4
694349203;02/10/2026;SELVA DA COSTA DELMONDES;75 anos;MONITORIZACAO AMBULATORIAL DE PRESSAO ARTERIAL (M.A.P.A);I10;4
694362687;02/10/2026;JOSE JESUS NASCIMENTO ARRUDA;48 anos;CONSULTA EM PNEUMOLOGIA - GERAL;Z099;4
694385190;02/10/2026;APARECIDO LUIZ DE FRANCA;72 anos;HOLTER 24 HORAS;I479;4
694390862;02/10/2026;SALETE SCHMIDT DA SILVA;44 anos;CONSULTA EM ORTOPEDIA - GERAL;Z099;4
694392611;02/10/2026;LENIZE DALLA ROSA TORELLI;56 anos;TESTE DE ESFORCO OU TESTE ERGOMETRICO;Z099;4
694392934;02/10/2026;LENIZE DALLA ROSA TORELLI;56 anos;MONITORIZACAO AMBULATORIAL DE PRESSAO ARTERIAL (M.A.P.A);Z099;4
694410770;02/10/2026;MATHEUS VINICIUS GOMES FRANCA;26 anos;MONITORIZACAO AMBULATORIAL DE PRESSAO ARTERIAL (M.A.P.A);Z099;4
694419594;02/10/2026;MARCELO ZOBOLI;55 anos;CONSULTA EM PNEUMOLOGIA - GERAL;Z099;4
694422926;02/10/2026;EDNA SILVIA LEMES DE QUEIROZ;55 anos;CONSULTA EM PNEUMOLOGIA - GERAL;Z099;4
694426418;02/10/2026;MARCELO ZOBOLI;55 anos;ECOCARDIOGRAMA TRANSTORACICO;Z099;4
694427956;02/10/2026;LUIZ CARLOS MORONA;71 anos;CONSULTA EM CIRURGIA VASCULAR – GERAL;Z099;4
694432843;02/10/2026;DHENIFFER MATOS DA SILVA;25 anos;CONSULTA EM PNEUMOLOGIA - GERAL;R06;4
694467218;02/10/2026;ITAEL DURAES DA SILVA;58 anos;TESTE DE ESFORCO OU TESTE ERGOMETRICO;Z099;4
694467331;02/10/2026;ITAEL DURAES DA SILVA;58 anos;ULTRA-SONOGRAFIA DOPPLER DE CAROTIDAS E VERTEBRAIS;Z099;4
694467462;02/10/2026;ITAEL DURAES DA SILVA;58 anos;ECOCARDIOGRAMA TRANSTORACICO;Z099;4
694470984;02/10/2026;AMELIA MARIA DOS ANJOS;79 anos;CONSULTA EM PNEUMOLOGIA - GERAL;Z099;4
694476424;02/10/2026;SINOMAR FERREIRA DOS SANTOS;32 anos;ECOCARDIOGRAMA TRANSTORACICO;Z099;4
694476542;02/10/2026;SINOMAR FERREIRA DOS SANTOS;32 anos;TESTE DE ESFORCO OU TESTE ERGOMETRICO;Z099;4
694476794;02/10/2026;SINOMAR FERREIRA DOS SANTOS;32 anos;ULTRA-SONOGRAFIA DOPPLER DE CAROTIDAS E VERTEBRAIS;Z099;4
694476965;02/10/2026;SINOMAR FERREIRA DOS SANTOS;32 anos;MONITORIZACAO AMBULATORIAL DE PRESSAO ARTERIAL (M.A.P.A);Z099;4
694515810;02/10/2026;LUIZ HENRIQUE BUENO BARBOSA;26 anos;CONSULTA EM ORTOPEDIA - GERAL;Z099;4
694522354;02/10/2026;AGENOR PIATI;70 anos;CONSULTA EM PNEUMOLOGIA - GERAL;Z099;4
694523504;02/10/2026;IVANIR GUARESMA;49 anos;CONSULTA EM PNEUMOLOGIA - GERAL;Z099;4
676984645;03/07/2026;CRISTIE KEROLEN GAMARRA NEGRAO;32 anos;GRUPO - RESSONANCIA MAGNETICA;S835;95
682523901;03/08/2026;GEMA BENITI LAZZARETTI;81 anos;TESTE DE ESFORCO OU TESTE ERGOMETRICO;R55;64
682556010;03/08/2026;ANA GABRIELE MEDEIROS DE SOUZA;20 anos;TESTE DE ESFORCO OU TESTE ERGOMETRICO;R000;64
682559279;03/08/2026;MARIA ELIZETE FERREIRA GOMES;66 anos;TESTE DE ESFORCO OU TESTE ERGOMETRICO;Z000;64
682568337;03/08/2026;LEDA MARIA DA SILVA;68 anos;TESTE DE ESFORCO OU TESTE ERGOMETRICO;Z00;64
682573056;03/08/2026;ELISANDRA DE OLIVEIRA BRANDAO;22 anos;TESTE DE ESFORCO OU TESTE ERGOMETRICO;Z000;64
682578308;03/08/2026;JOSE ANTONIO VASCONSELOS ROLIM;54 anos;MONITORIZACAO AMBULATORIAL DE PRESSAO ARTERIAL (M.A.P.A);Z016;64
682579199;03/08/2026;JOSE ANTONIO VASCONSELOS ROLIM;54 anos;TESTE DE ESFORCO OU TESTE ERGOMETRICO;Z016;64
682621518;03/08/2026;IARA CARLA DA SILVA;43 anos;HOLTER 24 HORAS;Z016;64
682622033;03/08/2026;IARA CARLA DA SILVA;43 anos;MONITORIZACAO AMBULATORIAL DE PRESSAO ARTERIAL (M.A.P.A);Z016;64
688904049;03/09/2026;MARILENE DE SOUZA CALIALI;67 anos;CONSULTA EM CIRURGIA GERAL - PEQ CIRURGIA;Z00;33
688937380;03/09/2026;EDILSON AUGUSTO;48 anos;CONSULTA EM CIRURGIA GERAL - PEQ CIRURGIA;Z00;33
688941387;03/09/2026;ARETHA REGINA ALMEIDA DE PAULA;31 anos;CONSULTA EM CIRURGIA GERAL - PEQ CIRURGIA;Z00;33
688946892;03/09/2026;MARA RUTE DOS ANJOS DE OLIVEIRA;45 anos;CONSULTA EM CIRURGIA GERAL - PEQ CIRURGIA;Z00;33
688949513;03/09/2026;DANIEL PRUDENCIO DIAS;53 anos;CONSULTA EM CIRURGIA GERAL - PEQ CIRURGIA;Z00;33
688954755;03/09/2026;NICOLLY REGINA SILVA DE OLIVEIRA;13 anos;CONSULTA EM CIRURGIA GERAL - PEQ CIRURGIA;Z00;33
689132112;03/09/2026;JORDANA SOUZA OLIVEIRA;15 anos;CONSULTA EM CARDIOLOGIA;Z00;33
682814594;04/08/2026;MARIO RODRIGUES RAMOS;77 anos;HOLTER 24 HORAS;Z016;63
682819882;04/08/2026;DIRCE MARIA BEVILACQUA MARTINS;78 anos;HOLTER 24 HORAS;Z016;63
682822455;04/08/2026;DIRCE MARTINS DE SOUZA;79 anos;HOLTER 24 HORAS;Z016;63
682847702;04/08/2026;ARILDO DOS SANTOS CARLOS;47 anos;TESTE DE ESFORCO OU TESTE ERGOMETRICO;Z016;63
682858139;04/08/2026;ZILDA BALBINOT SIMONETTI;59 anos;TESTE DE ESFORCO OU TESTE ERGOMETRICO;I10;63
682863728;04/08/2026;MARIA APARECIDA DOS SANTOS SILVA;56 anos;TESTE DE ESFORCO OU TESTE ERGOMETRICO;Z016;63
682864302;04/08/2026;MARIA APARECIDA DOS SANTOS SILVA;56 anos;HOLTER 24 HORAS;Z016;63
682869822;04/08/2026;SILEONICE NOGUEIRA DE ASSIS;59 anos;MONITORIZACAO AMBULATORIAL DE PRESSAO ARTERIAL (M.A.P.A);I10;63
682870570;04/08/2026;SILEONICE NOGUEIRA DE ASSIS;59 anos;TESTE DE ESFORCO OU TESTE ERGOMETRICO;I10;63
682871394;04/08/2026;MARIA JOSE DA SILVA BENTO;43 anos;CONSULTA EM CIRURGIA VASCULAR – GERAL;Z016;63
682871419;04/08/2026;SILEONICE NOGUEIRA DE ASSIS;59 anos;HOLTER 24 HORAS;I10;63
682878051;04/08/2026;SILVANILDO JOSE DE MATTOS;58 anos;CONSULTA EM CIRURGIA VASCULAR – GERAL;Z016;63
682879268;04/08/2026;MARIA AUXILIADORA DE SOUZA;55 anos;CONSULTA EM CIRURGIA VASCULAR – GERAL;Z016;63
682915737;04/08/2026;MARIA AUXILIADORA NERI DE OLIVEIRA;64 anos;AUDIOMETRIA;Z016;63
682924320;04/08/2026;ROSA CONCEICAO LUIZ PEREIRA;53 anos;MONITORIZACAO AMBULATORIAL DE PRESSAO ARTERIAL (M.A.P.A);Z016;63
682963165;04/08/2026;DORILDE CAROLINA DONASSOLO;77 anos;CONSULTA EM CIRURGIA VASCULAR – GERAL;Z00;63
689171491;04/09/2026;JORDANA SOUZA OLIVEIRA;15 anos;HOLTER 24 HORAS;Z016;32
689190347;04/09/2026;LOURDES ZANARDI MONTAGNA;79 anos;ECOCARDIOGRAMA TRANSTORACICO;I10;32
689190425;04/09/2026;LOURDES ZANARDI MONTAGNA;79 anos;ULTRA-SONOGRAFIA DOPPLER DE CAROTIDAS E VERTEBRAIS;I10;32
689197561;04/09/2026;ANTONIO HUMBERTO CIDRAO ROSA;69 anos;CONSULTA EM CARDIOLOGIA;I50;32
689213046;04/09/2026;CARMO GOMES DE SOUZA;63 anos;ECOCARDIOGRAMA TRANSTORACICO;Z016;32
689213557;04/09/2026;CARMO GOMES DE SOUZA;63 anos;ULTRA-SONOGRAFIA DOPPLER DE CAROTIDAS E VERTEBRAIS;Z016;32
689213884;04/09/2026;CARMO GOMES DE SOUZA;63 anos;MONITORIZACAO AMBULATORIAL DE PRESSAO ARTERIAL (M.A.P.A);Z016;32
689223776;04/09/2026;ALZIRA MARIA RODRIGUES;46 anos;MONITORIZACAO AMBULATORIAL DE PRESSAO ARTERIAL (M.A.P.A);Z00;32
689223841;04/09/2026;ALZIRA MARIA RODRIGUES;46 anos;ECOCARDIOGRAMA TRANSTORACICO;Z00;32
689245284;04/09/2026;CRISTIANE DA SILVA LUIZ;47 anos;CONSULTA EM CARDIOLOGIA;Z00;32
689252981;04/09/2026;ROSANA CRISTINA ALVES VASQUES;50 anos;ULTRA-SONOGRAFIA DOPPLER DE CAROTIDAS E VERTEBRAIS;E14;32
689253054;04/09/2026;ROSANA CRISTINA ALVES VASQUES;50 anos;ECOCARDIOGRAMA TRANSTORACICO;E14;32
689298668;04/09/2026;GEOVANNI BRUNO FERNANDES SOBRAL;30 anos;AUDIOMETRIA;H906;32
689330369;04/09/2026;JOAQUIM PEREIRA DA SILVA;65 anos;ECOCARDIOGRAMA TRANSTORACICO;I50;32
689333617;04/09/2026;MARCIO GINO THOMAZ;46 anos;ECOCARDIOGRAMA TRANSTORACICO;I20;32
689333784;04/09/2026;MARCIO GINO THOMAZ;46 anos;HOLTER 24 HORAS;Z00;32
683083760;05/08/2026;ANGELICA DE JESUS;44 anos;TESTE DE ESFORCO OU TESTE ERGOMETRICO;Z00;62
683093322;05/08/2026;NEUZA BRAGA DE CARVALHO;67 anos;TESTE DE ESFORCO OU TESTE ERGOMETRICO;Z016;62
683094539;05/08/2026;NEUZA BRAGA DE CARVALHO;67 anos;HOLTER 24 HORAS;Z016;62
683100386;05/08/2026;SILDA MIRANDA COSTA;65 anos;TESTE DE ESFORCO OU TESTE ERGOMETRICO;I10;62
683100689;05/08/2026;SILDA MIRANDA COSTA;65 anos;MONITORIZACAO AMBULATORIAL DE PRESSAO ARTERIAL (M.A.P.A);I10;62
683103080;05/08/2026;DIRCE PEDROZO;70 anos;CONSULTA EM CIRURGIA VASCULAR – GERAL;Z016;62
683107693;05/08/2026;JUSSELDA MACHADO FONSECA;72 anos;CONSULTA EM CIRURGIA VASCULAR – GERAL;Z016;62
683109880;05/08/2026;MARIA DO SOCORRO;73 anos;CONSULTA EM CIRURGIA VASCULAR – GERAL;Z016;62
683118530;05/08/2026;RENILDA SANTANA DE OLIVEIRA;53 anos;MONITORIZACAO AMBULATORIAL DE PRESSAO ARTERIAL (M.A.P.A);I10;62
683118611;05/08/2026;RENILDA SANTANA DE OLIVEIRA;53 anos;TESTE DE ESFORCO OU TESTE ERGOMETRICO;I10;62
683119243;05/08/2026;SANDRA BISPO DOS SANTOS;58 anos;ULTRA-SONOGRAFIA DOPPLER DE CAROTIDAS E VERTEBRAIS;Z016;62
683119899;05/08/2026;SANDRA BISPO DOS SANTOS;58 anos;TESTE DE ESFORCO OU TESTE ERGOMETRICO;Z016;62
683120198;05/08/2026;SANDRA BISPO DOS SANTOS;58 anos;HOLTER 24 HORAS;Z016;62
683120774;05/08/2026;SANDRA BISPO DOS SANTOS;58 anos;MONITORIZACAO AMBULATORIAL DE PRESSAO ARTERIAL (M.A.P.A);Z016;62
683121717;05/08/2026;ANTONIO NILTON VALERIO DE LIMA;41 anos;TESTE DE ESFORCO OU TESTE ERGOMETRICO;R074;62
683124585;05/08/2026;ROSANGELA MARIA DA SILVA;47 anos;HOLTER 24 HORAS;Z016;62
683124789;05/08/2026;ROSANGELA MARIA DA SILVA;47 anos;TESTE DE ESFORCO OU TESTE ERGOMETRICO;Z016;62
683128193;05/08/2026;JUCIMEIRE ARAUJO DE FREITAS;47 anos;CONSULTA EM CIRURGIA VASCULAR – GERAL;Z016;62
683129614;05/08/2026;THAIS CRISTINA SOUZA FERREIRA;24 anos;TESTE DE ESFORCO OU TESTE ERGOMETRICO;Z016;62
683129912;05/08/2026;THAIS CRISTINA SOUZA FERREIRA;24 anos;HOLTER 24 HORAS;Z016;62
683134138;05/08/2026;CLEIDE SILVA DE LIMA;56 anos;ULTRA-SONOGRAFIA DOPPLER DE CAROTIDAS E VERTEBRAIS;Z016;62
683134892;05/08/2026;CLEIDE SILVA DE LIMA;56 anos;MONITORIZACAO AMBULATORIAL DE PRESSAO ARTERIAL (M.A.P.A);Z016;62
683138849;05/08/2026;MARCILIO FERREIRA DE SOUZA;35 anos;TESTE DE ESFORCO OU TESTE ERGOMETRICO;Z000;62
683174958;05/08/2026;MARILENE JOSEFA DE OLIVEIRA;66 anos;MONITORIZACAO AMBULATORIAL DE PRESSAO ARTERIAL (M.A.P.A);I10;62
683179869;05/08/2026;ERMELINDO MARQUES DA SILVA;65 anos;CONSULTA EM CIRURGIA VASCULAR – GERAL;Z016;62
683247507;05/08/2026;ELIANE DE SOUZA MENDONCA;38 anos;CONSULTA EM CIRURGIA VASCULAR – GERAL;Z00;62
683254009;05/08/2026;ROSINEIDE DE ASSIS DIONIZIO;45 anos;HOLTER 24 HORAS;I69;62
683299388;05/08/2026;GISIELE DOS REIS TAVARES;37 anos;CONSULTA EM CIRURGIA VASCULAR – GERAL;Z016;62
694574140;05/10/2026;JORGE OTACILIO SANTANA;75 anos;TESTE DE ESFORCO OU TESTE ERGOMETRICO;I10;1
694574604;05/10/2026;JORGE OTACILIO SANTANA;75 anos;ECOCARDIOGRAMA TRANSTORACICO;I10;1
694574833;05/10/2026;JORGE OTACILIO SANTANA;75 anos;MONITORIZACAO AMBULATORIAL DE PRESSAO ARTERIAL (M.A.P.A);I10;1
694579225;05/10/2026;DELMIRA COLETTO DE OLIVEIRA;70 anos;ECOCARDIOGRAMA TRANSTORACICO;I10;1
694579453;05/10/2026;DELMIRA COLETTO DE OLIVEIRA;70 anos;TESTE DE ESFORCO OU TESTE ERGOMETRICO;I10;1
694591345;05/10/2026;NATALICIO MORAIS DO PRADO;61 anos;AUDIOMETRIA;H931;1
694593953;05/10/2026;REGINA MARIA DOS SANTOS;84 anos;CONSULTA EM PNEUMOLOGIA - GERAL;Z099;1
694609794;05/10/2026;VALDIR MEIRA DE BRITO;76 anos;ECOCARDIOGRAMA TRANSTORACICO;Z099;1
694609937;05/10/2026;VALDIR MEIRA DE BRITO;76 anos;ULTRA-SONOGRAFIA DOPPLER DE CAROTIDAS E VERTEBRAIS;Z099;1
694631630;05/10/2026;MARLI AUGUSTO LEME;69 anos;CONSULTA EM PNEUMOLOGIA - GERAL;Z099;1
694648454;05/10/2026;TAINARA BRITO PEDO;26 anos;AUDIOMETRIA;Z099;1
694660280;05/10/2026;ALTAIR BELCHIOR DA SILVA;52 anos;ECOCARDIOGRAMA TRANSTORACICO;Z099;1
694660428;05/10/2026;ALTAIR BELCHIOR DA SILVA;52 anos;TESTE DE ESFORCO OU TESTE ERGOMETRICO;Z099;1
694660665;05/10/2026;ALTAIR BELCHIOR DA SILVA;52 anos;ULTRA-SONOGRAFIA DOPPLER DE CAROTIDAS E VERTEBRAIS;Z099;1
694666434;05/10/2026;VITORIA RONDON PERDOMO;20 anos;CONSULTA EM ORTOPEDIA - GERAL;V284;1
694706091;05/10/2026;SIMONI BATISTA FRANCA;48 anos;CONSULTA EM PNEUMOLOGIA - GERAL;Z099;1
694707456;05/10/2026;FATIMA OLIVEIRA DE SOUZA;61 anos;CONSULTA EM PNEUMOLOGIA - GERAL;Z099;1
694743405;05/10/2026;CLEIDIVANIA DOS SANTOS;41 anos;CONSULTA EM UROLOGIA - GERAL;Z099;1
694764979;05/10/2026;WALFREDO ROSA CAXIAS;64 anos;CONSULTA EM ORTOPEDIA - GERAL;M545;1
665838625;06/05/2026;MARCOLINA DA SILVA ORTEGA;79 anos;GRUPO - TOMOGRAFIA COMPUTADORIZADA;I839;153
665896951;06/05/2026;ANTONIO CLARO DOS SANTOS;72 anos;GRUPO - RESSONANCIA MAGNETICA;G20;153
665897693;06/05/2026;ANTONIO CLARO DOS SANTOS;72 anos;GRUPO - RESSONANCIA MAGNETICA;G20;153
683371523;06/08/2026;ALISSA PIAIA MARTINS;19 anos;TESTE DE ESFORCO OU TESTE ERGOMETRICO;R000;61
683441873;06/08/2026;ELSA DINIZ PAZ;78 anos;CONSULTA EM CIRURGIA VASCULAR – GERAL;Z00;61
683519753;06/08/2026;ODETE TEREZINHA BENACHIO LENZI;67 anos;ULTRA-SONOGRAFIA DOPPLER DE CAROTIDAS E VERTEBRAIS;I10;61
683519797;06/08/2026;ODETE TEREZINHA BENACHIO LENZI;67 anos;MONITORIZACAO AMBULATORIAL DE PRESSAO ARTERIAL (M.A.P.A);I10;61
683519854;06/08/2026;ODETE TEREZINHA BENACHIO LENZI;67 anos;TESTE DE ESFORCO OU TESTE ERGOMETRICO;I10;61
683560442;06/08/2026;CIDRONIO MARTINS DE SOUZA;71 anos;HOLTER 24 HORAS;Z016;61
683560683;06/08/2026;CIDRONIO MARTINS DE SOUZA;71 anos;ULTRA-SONOGRAFIA DOPPLER DE CAROTIDAS E VERTEBRAIS;Z016;61
683590175;06/08/2026;ANA IZABEL MARTINS DA SILVA;57 anos;CONSULTA EM CIRURGIA VASCULAR – GERAL;Z016;61
694821028;06/10/2026;JOAO ALVES DE SOUZA;69 anos;CONSULTA EM CARDIOLOGIA;R060;0
694823078;06/10/2026;ROSANA MOSQUINI;47 anos;MONITORIZACAO AMBULATORIAL DE PRESSAO ARTERIAL (M.A.P.A);I10;0
694823418;06/10/2026;ROSANA MOSQUINI;47 anos;TESTE DE ESFORCO OU TESTE ERGOMETRICO;I10;0
694823697;06/10/2026;ROSANA MOSQUINI;47 anos;ECOCARDIOGRAMA TRANSTORACICO;I10;0
694825875;06/10/2026;DENISE AMORIM BLOS;45 anos;CONSULTA EM CARDIOLOGIA;Z099;0
694828603;06/10/2026;FABIANO PENTEADO MORAIS DO PRADO;41 anos;ECOCARDIOGRAMA TRANSTORACICO;Z099;0
694828810;06/10/2026;FABIANO PENTEADO MORAIS DO PRADO;41 anos;TESTE DE ESFORCO OU TESTE ERGOMETRICO;Z099;0
694828952;06/10/2026;FABIANO PENTEADO MORAIS DO PRADO;41 anos;ULTRA-SONOGRAFIA DOPPLER DE CAROTIDAS E VERTEBRAIS;Z099;0
694830139;06/10/2026;OLEZIA PEREIRA DE SOUZA;64 anos;CONSULTA EM ORTOPEDIA - GERAL;Z099;0
694833989;06/10/2026;APARECIDA BERNARDO DA SILVA;64 anos;CONSULTA EM ORTOPEDIA - GERAL;Z099;0
694835219;06/10/2026;ANA MARIA MORAIS VIEIRA;64 anos;GRUPO - ULTRASSONOGRAFIA ARTICULACOES;S810;0
694838118;06/10/2026;VANDERLEI CERUTTI;41 anos;CONSULTA EM UROLOGIA - GERAL;Z302;0
694838666;06/10/2026;SONIA REGINA OLIVEIRA DE MENEZES;63 anos;CONSULTA EM ORTOPEDIA - GERAL;Z099;0
694841182;06/10/2026;LUARA VITORIA GARCIA PROENCA;3 anos;CONSULTA EM ORTOPEDIA - GERAL;Z099;0
694845771;06/10/2026;JOAO NOGALIS ALVARES;70 anos;CONSULTA EM PNEUMOLOGIA - GERAL;Z099;0
694859814;06/10/2026;TANIA MARIA DALPASQUALE ZIMERMANN;70 anos;CONSULTA EM ORTOPEDIA - GERAL;Z099;0
694863252;06/10/2026;LIARA INES MEDKE;49 anos;CONSULTA EM ORTOPEDIA - GERAL;M545;0
694865255;06/10/2026;NILVA MARIA BIN;58 anos;CONSULTA EM ORTOPEDIA - GERAL;Z099;0
694866985;06/10/2026;GESSI PEDO;63 anos;CONSULTA EM ORTOPEDIA - GERAL;Z099;0
694870696;06/10/2026;LUCIVANDA RODRIGUES FERREIRA;48 anos;CONSULTA EM ORTOPEDIA - GERAL;Z099;0
694875124;06/10/2026;GILMAR DA SILVA VIEIRA;45 anos;CONSULTA EM ORTOPEDIA - GERAL;Z099;0
694878169;06/10/2026;OTALIVIO PEREIRA DOS SANTOS;40 anos;CONSULTA EM ORTOPEDIA - GERAL;Z099;0
694884800;06/10/2026;SOFIA DOS SANTOS SOUZA;10 anos;CONSULTA EM ORTOPEDIA - GERAL;Z099;0
694890836;06/10/2026;PATRICIA MARTINS ALVES;46 anos;CONSULTA EM ORTOPEDIA - GERAL;Z099;0
694896224;06/10/2026;MARIA DE FATIMA COIMBRA SOARES;55 anos;CONSULTA EM ORTOPEDIA - GERAL;Z099;0
694897792;06/10/2026;NELI DOS SANTOS;53 anos;CONSULTA EM ORTOPEDIA - GERAL;Z099;0
694910103;06/10/2026;VERISSIMO DA SILVA RODRIGUES;82 anos;ECOCARDIOGRAMA TRANSTORACICO;R42;0
694910348;06/10/2026;VERISSIMO DA SILVA RODRIGUES;82 anos;MONITORIZACAO AMBULATORIAL DE PRESSAO ARTERIAL (M.A.P.A);R42;0
694911337;06/10/2026;NEUZA RODRIGUES DA SILVA E SILVA;68 anos;MONITORIZACAO AMBULATORIAL DE PRESSAO ARTERIAL (M.A.P.A);Z099;0
694911483;06/10/2026;NEUZA RODRIGUES DA SILVA E SILVA;68 anos;ECOCARDIOGRAMA TRANSTORACICO;Z099;0
694911811;06/10/2026;NEUZA RODRIGUES DA SILVA E SILVA;68 anos;ULTRA-SONOGRAFIA DOPPLER DE CAROTIDAS E VERTEBRAIS;Z099;0
694913654;06/10/2026;ESTER CAROLINE ALMEIDA DA SILVA;17 anos;CONSULTA EM ORTOPEDIA - GERAL;Z099;0
694914378;06/10/2026;FERNANDO WENDER OLIVEIRA;12 anos;ECOCARDIOGRAMA TRANSTORACICO;Z099;0
694915224;06/10/2026;NILVACIR SANTOS DELGUINGARO;41 anos;CONSULTA EM ORTOPEDIA - GERAL;Z099;0
694921465;06/10/2026;EDIVANJA BORGES XAVIER DA MATA;44 anos;GRUPO - ULTRASSONOGRAFIA ARTICULACOES;M170;0
694974791;06/10/2026;ANGELITA BEZERRA CAVALCANTE;75 anos;CONSULTA EM ORTOPEDIA - GERAL;Z099;0
694980409;06/10/2026;MADALENA FERNANDES DE LIMA;70 anos;CONSULTA EM ORTOPEDIA - GERAL;Z099;0
694982193;06/10/2026;GILMAR JOSE ZANONI;67 anos;CONSULTA EM ORTOPEDIA - GERAL;Z099;0
695013255;06/10/2026;PEDRO MIGUEL FRANCO RETZLAFF;14 anos;CONSULTA EM ORTOPEDIA - GERAL;Z099;0
695019512;06/10/2026;GENIVALDO DA SILVA BARBOSA;56 anos;CONSULTA EM ORTOPEDIA - GERAL;Z099;0
695021316;06/10/2026;CELEIDE FERREIRA CAETANO;50 anos;TESTE DE ESFORCO OU TESTE ERGOMETRICO;Z099;0
695021558;06/10/2026;CELEIDE FERREIRA CAETANO;50 anos;ECOCARDIOGRAMA TRANSTORACICO;Z099;0
695021706;06/10/2026;CELEIDE FERREIRA CAETANO;50 anos;HOLTER 24 HORAS;Z099;0
695025650;06/10/2026;JAINE CRISTINA DA SILVA CAVALCANTE;48 anos;CONSULTA EM ORTOPEDIA - GERAL;Z099;0
695032302;06/10/2026;IURY FABRICIO NOVAIS;29 anos;CONSULTA EM ORTOPEDIA - GERAL;S82;0
695034407;06/10/2026;TERESINHA SANTANA MACARIO DE PAULA;56 anos;GRUPO - RESSONANCIA MAGNETICA;M545;0
695035755;06/10/2026;ELIZANGELA PORTILHO PEREIRA;43 anos;CONSULTA EM ORTOPEDIA - GERAL;Z099;0
695036272;06/10/2026;VITOR GABRIEL FERNANDES ARRUDA;11 anos;GRUPO - RESSONANCIA MAGNETICA;R223;0
695037502;06/10/2026;JOAQUIM BOHNIAK;13 anos;CONSULTA EM ORTOPEDIA - GERAL;Z099;0
695046032;06/10/2026;VIVALDINO ROSA CAXIAS;65 anos;CONSULTA/ATENDIMENTO DOMICILIAR EM FISIOTERAPIA;I69;0
683622020;07/08/2026;TEREZA ALMEIDA DE JESUS;73 anos;CONSULTA EM CIRURGIA VASCULAR – GERAL;Z016;60
683732851;07/08/2026;EDINEI PINTO VIERA;50 anos;TESTE DE ESFORCO OU TESTE ERGOMETRICO;Z016;60
683732937;07/08/2026;EDINEI PINTO VIERA;50 anos;ULTRA-SONOGRAFIA DOPPLER DE CAROTIDAS E VERTEBRAIS;Z016;60
683733051;07/08/2026;EDINEI PINTO VIERA;50 anos;MONITORIZACAO AMBULATORIAL DE PRESSAO ARTERIAL (M.A.P.A);Z016;60
683733197;07/08/2026;EDINEI PINTO VIERA;50 anos;CONSULTA EM CARDIOLOGIA;Z016;60
689438469;08/09/2026;MARIA DE LOURDES MIRANDA DA SILVA;74 anos;ECOCARDIOGRAMA TRANSTORACICO;I10;28
689441761;08/09/2026;MARIA DE LOURDES MIRANDA DA SILVA;74 anos;TESTE DE ESFORCO OU TESTE ERGOMETRICO;I20;28
689449290;08/09/2026;IVANIR GRANDO;64 anos;GRUPO - RESSONANCIA MAGNETICA;M79;28
689452456;08/09/2026;CARMO GOMES DE SOUZA;63 anos;TESTE DE ESFORCO OU TESTE ERGOMETRICO;I251;28
689476816;08/09/2026;ISOLDE BRUCH;69 anos;ECOCARDIOGRAMA TRANSTORACICO;Z016;28
689502440;08/09/2026;CLERIO GARCEZ PEREIRA;39 anos;GRUPO - RESSONANCIA MAGNETICA;S66;28
689512362;08/09/2026;MARIA ALCIONE CARVALHO SOBRINHO;43 anos;TESTE DE ESFORCO OU TESTE ERGOMETRICO;Z016;28
689512773;08/09/2026;MARIA ALCIONE CARVALHO SOBRINHO;43 anos;ECOCARDIOGRAMA TRANSTORACICO;Z016;28
689518384;08/09/2026;LEOCIR RODRIGUES DA SILVA;58 anos;ECOCARDIOGRAMA TRANSTORACICO;Z016;28
689518808;08/09/2026;LEOCIR RODRIGUES DA SILVA;58 anos;TESTE DE ESFORCO OU TESTE ERGOMETRICO;Z016;28
689525032;08/09/2026;ELESSANDRA DE OLIVEIRA PARREIRA;35 anos;TESTE DE ESFORCO OU TESTE ERGOMETRICO;Z016;28
689525429;08/09/2026;ELESSANDRA DE OLIVEIRA PARREIRA;35 anos;MONITORIZACAO AMBULATORIAL DE PRESSAO ARTERIAL (M.A.P.A);Z016;28
689525672;08/09/2026;ELESSANDRA DE OLIVEIRA PARREIRA;35 anos;ECOCARDIOGRAMA TRANSTORACICO;Z016;28
689526031;08/09/2026;ELESSANDRA DE OLIVEIRA PARREIRA;35 anos;HOLTER 24 HORAS;Z016;28
689530812;08/09/2026;EMANUELE SOUZA HOREN;21 anos;ECOCARDIOGRAMA TRANSTORACICO;Z016;28
689531110;08/09/2026;EMANUELE SOUZA HOREN;21 anos;TESTE DE ESFORCO OU TESTE ERGOMETRICO;Z016;28
689534501;08/09/2026;ALEXANDRE LUIZ POZENATO;44 anos;MONITORIZACAO AMBULATORIAL DE PRESSAO ARTERIAL (M.A.P.A);Z016;28
689535019;08/09/2026;ALEXANDRE LUIZ POZENATO;44 anos;ECOCARDIOGRAMA TRANSTORACICO;Z016;28
689535271;08/09/2026;ALEXANDRE LUIZ POZENATO;44 anos;TESTE DE ESFORCO OU TESTE ERGOMETRICO;Z016;28
689578760;08/09/2026;RENATA COUTO MOREIRA;24 anos;CONSULTA EM GINECOLOGIA - GERAL;Z00;28
689595168;08/09/2026;HYTALLO MARTIM PEREIRA CORREA;6 anos;CONSULTA EM UROLOGIA - GERAL;Z00;28
689598328;08/09/2026;JANAINA LEITE NOVAES;28 anos;ESPIROMETRIA;J458;28
689621427;08/09/2026;ALTAIR TORELLI;62 anos;GRUPO - TOMOGRAFIA COMPUTADORIZADA;J448;28
689636823;08/09/2026;ALLANA GABRIELLY CRUZ MARCHI;8 anos;ACOLHIMENTO INICIAL POR CENTRO DE ATENÇÃO PSICOSSOCIAL;F95;28
689639143;08/09/2026;CECILIA DE SOUZA FREITAS;39 anos;ECOCARDIOGRAMA TRANSTORACICO;Z016;28
689639493;08/09/2026;CECILIA DE SOUZA FREITAS;39 anos;TESTE DE ESFORCO OU TESTE ERGOMETRICO;Z016;28
689640679;08/09/2026;MICHELE ALVES PAUPERIO;49 anos;ECOCARDIOGRAMA TRANSTORACICO;I251;28
689640983;08/09/2026;MICHELE ALVES PAUPERIO;49 anos;ECODOPPLERCARDIOGRAMA COM ESTRESSE FARMACOLOGICO;I251;28
689641415;08/09/2026;ROSELI BECKER MORAES;67 anos;TESTE DE ESFORCO OU TESTE ERGOMETRICO;I10;28
689641573;08/09/2026;ROSELI BECKER MORAES;67 anos;ECOCARDIOGRAMA TRANSTORACICO;I10;28
689644720;08/09/2026;NELSON SEBASTIAO ALVES PANIAGUA;58 anos;ECOCARDIOGRAMA TRANSTORACICO;Z016;28
689644917;08/09/2026;NELSON SEBASTIAO ALVES PANIAGUA;58 anos;TESTE DE ESFORCO OU TESTE ERGOMETRICO;Z016;28
689647993;08/09/2026;FIDELCINO AGNELO DE SOUZA JUNIOR;34 anos;GRUPO - RESSONANCIA MAGNETICA;S835;28
689648807;08/09/2026;MAX MULLER FERREIRA PEREIRA;30 anos;GRUPO - ELETRONEUROMIOGRAFIA;G56;28
689649168;08/09/2026;MAX MULLER FERREIRA PEREIRA;30 anos;GRUPO - ULTRASSONOGRAFIA ARTICULACOES;Z00;28
689651015;08/09/2026;ANA LAURA PEREIRA;21 anos;ECOCARDIOGRAMA TRANSTORACICO;Q250;28
689651143;08/09/2026;ANA LAURA PEREIRA;21 anos;MONITORIZACAO AMBULATORIAL DE PRESSAO ARTERIAL (M.A.P.A);Q250;28
689708772;09/09/2026;DENAIR BARBOSA LIMA;59 anos;ULTRA-SONOGRAFIA DOPPLER DE CAROTIDAS E VERTEBRAIS;Z016;27
689708967;09/09/2026;DENAIR BARBOSA LIMA;59 anos;MONITORIZACAO AMBULATORIAL DE PRESSAO ARTERIAL (M.A.P.A);Z016;27
689709110;09/09/2026;DENAIR BARBOSA LIMA;59 anos;ECOCARDIOGRAMA TRANSTORACICO;Z016;27
689739624;09/09/2026;ANNA CECILIA RECH DUARTE;9 anos;ECOCARDIOGRAMA TRANSTORACICO;Z016;27
689762070;09/09/2026;DOMINGOS MARCIRIO DE ALMEIDA;62 anos;CONSULTA EM CIRURGIA VASCULAR – GERAL;Z016;27
689765671;09/09/2026;MARIA ALZIRA MARTINS DOS SANTOS;41 anos;CONSULTA EM GINECOLOGIA - PARA PLANEJAMENTO FAMILIAR;Z00;27
689902743;09/09/2026;ROSELI APARECIDA FREITAS BRANDAO;53 anos;GRUPO - ULTRASSONOGRAFIA ARTICULACOES;S934;27
678261083;10/07/2026;ODILON CELESTINO DE OLIVEIRA BONILLA;66 anos;AUDIOMETRIA;Z00;88
678329851;10/07/2026;MARTA ANDRADE BARBOSA SERPA;61 anos;TESTE DE ESFORCO OU TESTE ERGOMETRICO;Z000;88
678419447;10/07/2026;ROSANA MENA LOPES ALVES DE ASSIS;53 anos;AUDIOMETRIA;Z00;88
678435908;10/07/2026;NICOLAS LIMA DA SILVA;9 anos;AUDIOMETRIA;Z00;88
683880796;10/08/2026;JOAO RAIMUNDO DA SILVA;69 anos;HOLTER 24 HORAS;I10;57
683880873;10/08/2026;JOAO RAIMUNDO DA SILVA;69 anos;ULTRA-SONOGRAFIA DOPPLER DE CAROTIDAS E VERTEBRAIS;I10;57
683891299;10/08/2026;RAIMUNDO JOSE DA SILVA;66 anos;ULTRA-SONOGRAFIA DOPPLER DE CAROTIDAS E VERTEBRAIS;Z00;57
683891386;10/08/2026;RAIMUNDO JOSE DA SILVA;66 anos;HOLTER 24 HORAS;Z00;57
683894385;10/08/2026;EDIANE DOS SANTOS VIEIRA;51 anos;MONITORIZACAO AMBULATORIAL DE PRESSAO ARTERIAL (M.A.P.A);I10;57
683898086;10/08/2026;VITORIO EISING;72 anos;ULTRA-SONOGRAFIA DOPPLER DE CAROTIDAS E VERTEBRAIS;I10;57
683904108;10/08/2026;REGINA MACHADO FERREIRA;39 anos;MONITORIZACAO AMBULATORIAL DE PRESSAO ARTERIAL (M.A.P.A);Z016;57
683911001;10/08/2026;MARIA APARECIDA GOMES COELHO;58 anos;ULTRA-SONOGRAFIA DOPPLER DE CAROTIDAS E VERTEBRAIS;I10;57
683911068;10/08/2026;MARIA APARECIDA GOMES COELHO;58 anos;TESTE DE ESFORCO OU TESTE ERGOMETRICO;I10;57
683911781;10/08/2026;MARIA APARECIDA GOMES COELHO;58 anos;HOLTER 24 HORAS;I10;57
683929776;10/08/2026;ANTONIO ROBSON DE SOUSA AMORIM;31 anos;MONITORIZACAO AMBULATORIAL DE PRESSAO ARTERIAL (M.A.P.A);I10;57
683929895;10/08/2026;ANTONIO ROBSON DE SOUSA AMORIM;31 anos;TESTE DE ESFORCO OU TESTE ERGOMETRICO;I10;57
683950643;10/08/2026;ODETE TEREZINHA BENACHIO LENZI;67 anos;ECOCARDIOGRAMA TRANSTORACICO;Z00;57
683958893;10/08/2026;COSME ALVES DOS SANTOS;66 anos;MONITORIZACAO AMBULATORIAL DE PRESSAO ARTERIAL (M.A.P.A);Z016;57
683961635;10/08/2026;CARMEM LUCIA BOUFLEUR DE HAAS;60 anos;CONSULTA EM CIRURGIA VASCULAR – GERAL;Z00;57
684085400;10/08/2026;JOCINEI FERNANDES;41 anos;TESTE DE ESFORCO OU TESTE ERGOMETRICO;Z016;57
689959942;10/09/2026;GIVALDO JORGE DE SANTANA;73 anos;CONSULTA EM CIRURGIA GERAL - PEQ CIRURGIA;Z016;26
690028891;10/09/2026;EVANDRO MOTTA PEDROSO;43 anos;CONSULTA EM UROLOGIA - GERAL;Z099;26
690136654;10/09/2026;HILDA MARIA SOUZA DA SILVA;73 anos;GRUPO - ULTRASSONOGRAFIA ARTICULACOES;G560;26
690137185;10/09/2026;HILDA MARIA SOUZA DA SILVA;73 anos;GRUPO - ULTRASSONOGRAFIA ARTICULACOES;G560;26
690141600;10/09/2026;EDNA FERNANDES ARECO;34 anos;GRUPO - ULTRASSONOGRAFIA ARTICULACOES;M658;26
690146150;10/09/2026;IRONI SOUZA LOPES;70 anos;CONSULTA EM CIRURGIA VASCULAR – GERAL;Z016;26
690146607;10/09/2026;IRONI SOUZA LOPES;70 anos;ULTRA-SONOGRAFIA DOPPLER DE CAROTIDAS E VERTEBRAIS;Z016;26
690147316;10/09/2026;IRONI SOUZA LOPES;70 anos;MONITORIZACAO AMBULATORIAL DE PRESSAO ARTERIAL (M.A.P.A);Z016;26
690147859;10/09/2026;IRONI SOUZA LOPES;70 anos;HOLTER 24 HORAS;Z016;26
690148181;10/09/2026;IRONI SOUZA LOPES;70 anos;ECOCARDIOGRAMA TRANSTORACICO;Z016;26
690187001;10/09/2026;VANESA SALES BEZERRA MORELI;38 anos;CONSULTA EM CIRURGIA VASCULAR – GERAL;Z016;26
684200421;11/08/2026;ARACY DA ROCHA SILVA;89 anos;CONSULTA EM CIRURGIA VASCULAR – GERAL;Z016;56
684242102;11/08/2026;MARIA DA GUIA COSTA SILVA;65 anos;CONSULTA EM CIRURGIA VASCULAR – GERAL;Z016;56
684375340;11/08/2026;ADRIANO TEIXEIRA DE SOUSA;35 anos;GRUPO - RESSONANCIA MAGNETICA;M513;56
684384763;11/08/2026;PEDRO EUFAZIO FERREIRA DOS SANTOS;66 anos;MONITORIZACAO AMBULATORIAL DE PRESSAO ARTERIAL (M.A.P.A);Z016;56
684385474;11/08/2026;PEDRO EUFAZIO FERREIRA DOS SANTOS;66 anos;ECODOPPLERCARDIOGRAMA COM ESTRESSE FARMACOLOGICO;Z016;56
684400152;11/08/2026;IZABEL RODRIGUES ROMANA;77 anos;HOLTER 24 HORAS;Z00;56
684400236;11/08/2026;IZABEL RODRIGUES ROMANA;77 anos;ECOCARDIOGRAMA TRANSTORACICO;Z00;56
684400416;11/08/2026;IZABEL RODRIGUES ROMANA;77 anos;TESTE DE ESFORCO OU TESTE ERGOMETRICO;Z00;56
684400548;11/08/2026;IZABEL RODRIGUES ROMANA;77 anos;ULTRA-SONOGRAFIA DOPPLER DE CAROTIDAS E VERTEBRAIS;Z00;56
690226705;11/09/2026;IVONE MARIA DA SILVA;78 anos;AUDIOMETRIA;Z099;25
690231362;11/09/2026;AZAEL LEITE DA ROCHA;5 anos;AUDIOMETRIA;H906;25
690244381;11/09/2026;IEDA NAZARE LUENEBERG;66 anos;MONITORIZACAO AMBULATORIAL DE PRESSAO ARTERIAL (M.A.P.A);I10;25
690244625;11/09/2026;IEDA NAZARE LUENEBERG;66 anos;ULTRA-SONOGRAFIA DOPPLER DE CAROTIDAS E VERTEBRAIS;I10;25
690244950;11/09/2026;IEDA NAZARE LUENEBERG;66 anos;ECOCARDIOGRAMA TRANSTORACICO;I10;25
690245421;11/09/2026;IEDA NAZARE LUENEBERG;66 anos;TESTE DE ESFORCO OU TESTE ERGOMETRICO;I10;25
690310628;11/09/2026;JOANA CORREA DA SILVA;52 anos;CONSULTA EM CARDIOLOGIA;Z099;25
690311040;11/09/2026;JOANA CORREA DA SILVA;52 anos;ULTRA-SONOGRAFIA DOPPLER DE CAROTIDAS E VERTEBRAIS;Z099;25
690311191;11/09/2026;JOANA CORREA DA SILVA;52 anos;ECOCARDIOGRAMA TRANSTORACICO;Z099;25
690329624;11/09/2026;MILENA ESTEFANIE DOS SANTOS MORBEQUE;28 anos;ECOCARDIOGRAMA TRANSTORACICO;Z016;25
690329761;11/09/2026;MILENA ESTEFANIE DOS SANTOS MORBEQUE;28 anos;TESTE DE ESFORCO OU TESTE ERGOMETRICO;Z016;25
690338437;11/09/2026;AMANDA SILVA DE AMORIM;25 anos;CONSULTA EM CIRURGIA GERAL;I64;25
690339095;11/09/2026;MILENA ESTEFANIE DOS SANTOS MORBEQUE;28 anos;MONITORIZACAO AMBULATORIAL DE PRESSAO ARTERIAL (M.A.P.A);Z016;25
684443598;12/08/2026;JOAO NOGALIS ALVARES;70 anos;ULTRA-SONOGRAFIA DOPPLER DE CAROTIDAS E VERTEBRAIS;I10;55
684444325;12/08/2026;JOAO NOGALIS ALVARES;70 anos;HOLTER 24 HORAS;I10;55
684448127;12/08/2026;MARIA CONCEICAO MIRANDA;66 anos;MONITORIZACAO AMBULATORIAL DE PRESSAO ARTERIAL (M.A.P.A);I10;55
684453536;12/08/2026;MARIA APARECIDA OLHER BAIONA;63 anos;HOLTER 24 HORAS;Z016;55
684463609;12/08/2026;JENIFER MORAIS SILVESTRE FERREIRA;53 anos;HOLTER 24 HORAS;Z016;55
684467766;12/08/2026;ELIETE PEREZ LOPES;62 anos;TESTE DE ESFORCO OU TESTE ERGOMETRICO;Z016;55
684469044;12/08/2026;ANGELA NATALIA LOBO BORTOLINI;52 anos;TESTE DE ESFORCO OU TESTE ERGOMETRICO;I20;55
684469894;12/08/2026;ANGELA NATALIA LOBO BORTOLINI;52 anos;ECOCARDIOGRAMA TRANSTORACICO;I10;55
684479068;12/08/2026;JURACI DE FRANCA DA SILVA;45 anos;ECODOPPLERCARDIOGRAMA COM ESTRESSE FARMACOLOGICO;I209;55
684488606;12/08/2026;VITORIA WAYLA FERREIRA DIAS;26 anos;TESTE DE ESFORCO OU TESTE ERGOMETRICO;R074;55
684490611;12/08/2026;ALISSA PIAIA MARTINS;19 anos;ECOCARDIOGRAMA TRANSTORACICO;R000;55
684497988;12/08/2026;JOANILTON ALVES DOS SANTOS;59 anos;HOLTER 24 HORAS;I20;55
684632482;12/08/2026;VALDENIR VILELA;52 anos;ECODOPPLERCARDIOGRAMA COM ESTRESSE FARMACOLOGICO;Z016;55
684632825;12/08/2026;VALDENIR VILELA;52 anos;TESTE DE ESFORCO OU TESTE ERGOMETRICO;Z016;55
684633420;12/08/2026;VALDENIR VILELA;52 anos;MONITORIZACAO AMBULATORIAL DE PRESSAO ARTERIAL (M.A.P.A);Z016;55
667441808;13/05/2026;BRENDA ALVES DA SILVA;29 anos;GRUPO - RESSONANCIA MAGNETICA;S835;146
684720804;13/08/2026;IRONITA BARALDI;70 anos;ULTRA-SONOGRAFIA DOPPLER DE CAROTIDAS E VERTEBRAIS;Z00;54
684731193;13/08/2026;ROSA CANTEIRO MARQUES;62 anos;CONSULTA EM CIRURGIA VASCULAR – GERAL;Z00;54
684750989;13/08/2026;LUCIA FATIMA ASSUNCAO;65 anos;CONSULTA EM CIRURGIA GERAL - PEQ CIRURGIA;Z016;54
684751630;13/08/2026;ROSELI DA SILVA CAVALLI;50 anos;HOLTER 24 HORAS;I10;54
684780202;13/08/2026;ZILLDA SILVEIRA DO CARMO;63 anos;CONSULTA EM CIRURGIA GERAL - PEQ CIRURGIA;Z016;54
684905795;13/08/2026;MARIA DE LOURDES DA SILVA;81 anos;HOLTER 24 HORAS;Z016;54
684906176;13/08/2026;MARIA DE LOURDES DA SILVA;81 anos;MONITORIZACAO AMBULATORIAL DE PRESSAO ARTERIAL (M.A.P.A);Z016;54
684906678;13/08/2026;MARIA DE LOURDES DA SILVA;81 anos;ULTRA-SONOGRAFIA DOPPLER DE CAROTIDAS E VERTEBRAIS;Z016;54
684942976;13/08/2026;JACQUELINE BALZAN ROSSEL;39 anos;ULTRA-SONOGRAFIA DOPPLER DE CAROTIDAS E VERTEBRAIS;Z016;54
684943068;13/08/2026;JACQUELINE BALZAN ROSSEL;39 anos;TESTE DE ESFORCO OU TESTE ERGOMETRICO;Z016;54
684943409;13/08/2026;JACQUELINE BALZAN ROSSEL;39 anos;CONSULTA EM CARDIOLOGIA;Z016;54
684947581;13/08/2026;NADIR BISCHOFF GAI;58 anos;MONITORIZACAO AMBULATORIAL DE PRESSAO ARTERIAL (M.A.P.A);Z016;54
684947801;13/08/2026;NADIR BISCHOFF GAI;58 anos;ULTRA-SONOGRAFIA DOPPLER DE CAROTIDAS E VERTEBRAIS;Z016;54
684947884;13/08/2026;NADIR BISCHOFF GAI;58 anos;TESTE DE ESFORCO OU TESTE ERGOMETRICO;Z016;54
684947965;13/08/2026;NADIR BISCHOFF GAI;58 anos;ECOCARDIOGRAMA TRANSTORACICO;Z016;54
667571152;14/05/2026;SABRINA DE SOUZA ARGUELHO;15 anos;COLONOSCOPIA;Z00;145
684988619;14/08/2026;JOSE LINO VAZ;83 anos;ECOCARDIOGRAMA TRANSTORACICO;Z00;53
685014742;14/08/2026;CACILDO INACIO FERREIRA;81 anos;BIOPSIA DE PELE E PARTES MOLES - ONCOLOGIA;Z00;53
685036623;14/08/2026;WALTER VIEIRA DE SOUZA;63 anos;ECOCARDIOGRAMA TRANSTORACICO;Z03;53
685036662;14/08/2026;WALTER VIEIRA DE SOUZA;63 anos;TESTE DE ESFORCO OU TESTE ERGOMETRICO;Z03;53
685037021;14/08/2026;WALTER VIEIRA DE SOUZA;63 anos;ULTRA-SONOGRAFIA DOPPLER DE CAROTIDAS E VERTEBRAIS;Z03;53
685081698;14/08/2026;LOURENCO CANDIDO DA SILVA;89 anos;AUDIOMETRIA;Z00;53
690410418;14/09/2026;NEIDE ROBERTA ALVES;60 anos;ECOCARDIOGRAMA TRANSTORACICO;I10;22
690410599;14/09/2026;NEIDE ROBERTA ALVES;60 anos;TESTE DE ESFORCO OU TESTE ERGOMETRICO;I10;22
690416445;14/09/2026;JOSE ALVES DOS SANTOS;62 anos;ULTRA-SONOGRAFIA DOPPLER DE CAROTIDAS E VERTEBRAIS;I10;22
690416998;14/09/2026;JOSE ALVES DOS SANTOS;62 anos;ECOCARDIOGRAMA TRANSTORACICO;I10;22
690429387;14/09/2026;DOUGLAS ADRIANO BUENO ASSUNCAO;17 anos;CONSULTA EM CIRURGIA VASCULAR – GERAL;Z099;22
690431714;14/09/2026;SHEILA GONCALVES;64 anos;MONITORIZACAO AMBULATORIAL DE PRESSAO ARTERIAL (M.A.P.A);I10;22
690432087;14/09/2026;SHEILA GONCALVES;64 anos;TESTE DE ESFORCO OU TESTE ERGOMETRICO;I10;22
690432474;14/09/2026;SHEILA GONCALVES;64 anos;ECOCARDIOGRAMA TRANSTORACICO;I20;22
690438018;14/09/2026;REINALDO BATISTA DA SILVA;79 anos;ECODOPPLERCARDIOGRAMA COM ESTRESSE FARMACOLOGICO;Z099;22
690439008;14/09/2026;JOAO ANTONIO RIBAS HOREN;18 anos;CONSULTA EM UROLOGIA - GERAL;Z099;22
690442056;14/09/2026;ZILDA LEITE MATOS;79 anos;TESTE DE ESFORCO OU TESTE ERGOMETRICO;Z099;22
690442541;14/09/2026;ZILDA LEITE MATOS;79 anos;ULTRA-SONOGRAFIA DOPPLER DE CAROTIDAS E VERTEBRAIS;Z099;22
690442757;14/09/2026;ZILDA LEITE MATOS;79 anos;ECOCARDIOGRAMA TRANSTORACICO;Z099;22
690446787;14/09/2026;GLACI MARIA DE OLIVEIRA ANTUNES;60 anos;CONSULTA EM ORTOPEDIA - GERAL;Z016;22
690456076;14/09/2026;LUCIA MARIA GONTIJO NEVES;46 anos;CONSULTA EM CIRURGIA VASCULAR – GERAL;Z016;22
690466699;14/09/2026;REGINA CELIA SILVA ALENCAR;53 anos;CONSULTA EM CARDIOLOGIA;Z099;22
690468608;14/09/2026;AMANDA ESPINDOLA SOBRINHO;15 anos;ECOCARDIOGRAMA TRANSTORACICO;Z099;22
690468910;14/09/2026;AMANDA ESPINDOLA SOBRINHO;15 anos;HOLTER 24 HORAS;Z099;22
690473335;14/09/2026;CICERA GORETE DE FRANCA;52 anos;CONSULTA EM CARDIOLOGIA;I48;22
690613163;14/09/2026;MAIRA ROCHA GONCALVES;18 anos;GRUPO - ULTRASSONOGRAFIA ARTICULACOES;M774;22
690617040;14/09/2026;DANDARA DE ARAUJO BRANDAO;30 anos;CONSULTA EM CARDIOLOGIA;I84;22
690629385;14/09/2026;ALZIRA DE OLIVEIRA CARVALHO;77 anos;CONSULTA EM CARDIOLOGIA;I10;22
690637708;14/09/2026;PAULO BATISTA DE ARRUDA;48 anos;CONSULTA EM CARDIOLOGIA;Z099;22
690640345;14/09/2026;ALCIRIO BRUXEL JUNIOR;33 anos;CONSULTA EM CIRURGIA GERAL - PEQ CIRURGIA;Z099;22
690675583;14/09/2026;HUDSON MARTINEZ BIRAL;59 anos;CONSULTA EM CARDIOLOGIA;Z099;22
679073588;15/07/2026;MONIK GRANDO UMBELINO;9 anos;AUDIOMETRIA;Z00;83
690720202;15/09/2026;ELISABETE ALVES DA SILVA LOPES;35 anos;MONITORIZACAO AMBULATORIAL DE PRESSAO ARTERIAL (M.A.P.A);Z016;21
690720954;15/09/2026;ELISABETE ALVES DA SILVA LOPES;35 anos;TESTE DE ESFORCO OU TESTE ERGOMETRICO;Z016;21
690721210;15/09/2026;ELISABETE ALVES DA SILVA LOPES;35 anos;ECOCARDIOGRAMA TRANSTORACICO;Z016;21
690728319;15/09/2026;ADEMIR MATEUS;59 anos;ECOCARDIOGRAMA TRANSTORACICO;I48;21
690728570;15/09/2026;ADEMIR MATEUS;59 anos;HOLTER 24 HORAS;I48;21
690729060;15/09/2026;ADEMIR MATEUS;59 anos;TESTE DE ESFORCO OU TESTE ERGOMETRICO;I48;21
690737190;15/09/2026;AQUILINO MALACARNE;85 anos;ECOCARDIOGRAMA TRANSTORACICO;I48;21
690769127;15/09/2026;NATHAN LUIZ CAMARGO DIEDRICH;20 anos;CONSULTA EM UROLOGIA - GERAL;Z099;21
690771012;15/09/2026;CEZONIA DE JESUS;83 anos;CONSULTA EM CIRURGIA VASCULAR – GERAL;I739;21
690772477;15/09/2026;NAIR DOLIRIA DE SOUZA;87 anos;CONSULTA EM CARDIOLOGIA;Z099;21
690806425;15/09/2026;REINALDO SANTOS RODRIGUES;48 anos;CONSULTA EM CARDIOLOGIA;Z099;21
679388135;16/07/2026;EPAMINONDAS GARCIA DE MENDONCA;97 anos;GRUPO - DIAGNOSTICO POR IMAGEM - RADIOGRAFIA SIMPLES;F411;82
679404965;16/07/2026;LEVI PIRES DE SOUZA;57 anos;ENDOSCOPIA DIGESTIVA ALTA;K295;82
691089771;16/09/2026;NIVALDO GOIS DE FIGUEIREDO;81 anos;CONSULTA EM CARDIOLOGIA;Z099;20
691222372;16/09/2026;RONALDO LOPES COIMBRA;52 anos;GRUPO - ULTRASSONOGRAFIA ARTICULACOES;Z016;20
673862757;17/06/2026;INES MARGARETE CABRAL KURUTZ;59 anos;GRUPO - RESSONANCIA MAGNETICA;M511;111
685242299;17/08/2026;MARCIANO CANDIDO DE SOUZA;80 anos;ECOCARDIOGRAMA TRANSTORACICO;I10;50
685242368;17/08/2026;MARCIANO CANDIDO DE SOUZA;80 anos;ULTRA-SONOGRAFIA DOPPLER DE CAROTIDAS E VERTEBRAIS;I10;50
685243912;17/08/2026;PEDRO DE SOUZA NETO;57 anos;CONSULTA EM CIRURGIA GERAL - PEQ CIRURGIA;Z016;50
685255593;17/08/2026;ALCIRIO BRUXEL;69 anos;HOLTER 24 HORAS;R000;50
685258203;17/08/2026;MANOEL SABINO;67 anos;ULTRA-SONOGRAFIA DOPPLER DE CAROTIDAS E VERTEBRAIS;I10;50
685270651;17/08/2026;NEDIO ANTONIO CAVALLI;62 anos;HOLTER 24 HORAS;Z016;50
685271237;17/08/2026;NEDIO ANTONIO CAVALLI;62 anos;TESTE DE ESFORCO OU TESTE ERGOMETRICO;Z016;50
685272004;17/08/2026;NEDIO ANTONIO CAVALLI;62 anos;ECOCARDIOGRAMA TRANSTORACICO;Z016;50
685276647;17/08/2026;ALICE CARMEN BERTOLDO;69 anos;ULTRA-SONOGRAFIA DOPPLER DE CAROTIDAS E VERTEBRAIS;R074;50
685419191;17/08/2026;MAIRI TEREZINHA LISOT MARTINI;72 anos;CONSULTA EM CIRURGIA GERAL - PEQ CIRURGIA;Z016;50
685481702;17/08/2026;MARIA AUXILIADORA NERI DE OLIVEIRA;64 anos;MONITORIZACAO AMBULATORIAL DE PRESSAO ARTERIAL (M.A.P.A);I250;50
691262947;17/09/2026;MARIANA PINHEIRO BARBOSA DE OLIVEIRA;14 anos;CONSULTA EM CIRURGIA GERAL - PEQ CIRURGIA;Z099;19
691270861;17/09/2026;JOAO MARCOS ARRUDA NASCIMENTO;12 anos;CONSULTA EM CIRURGIA GERAL - PEQ CIRURGIA;Z099;19
691284459;17/09/2026;ROSINEIDE PEREIRA MARTINS DE ALMEIDA;43 anos;CONSULTA EM CIRURGIA GERAL - PEQ CIRURGIA;Z099;19
691302527;17/09/2026;SEBASTIAO FREITAS DA SILVA;59 anos;CONSULTA EM CIRURGIA GERAL - PEQ CIRURGIA;B07;19
691377568;17/09/2026;DIONIZIO SILVA REBESCHINI;15 anos;CONSULTA EM CARDIOLOGIA;R55;19
691384685;17/09/2026;IONE DE SOUZA VIEIRA MIRANDA;56 anos;CONSULTA EM CARDIOLOGIA;N832;19
691446841;17/09/2026;ELISEU ANTONIO SORGATTO;73 anos;CONSULTA EM ORTOPEDIA - GERAL;Z099;19
691450909;17/09/2026;IVONE MARIA DA SILVA;78 anos;MONITORIZACAO AMBULATORIAL DE PRESSAO ARTERIAL (M.A.P.A);I10;19
691458022;17/09/2026;VALDIR PEDRO MARCHI;74 anos;GRUPO - RESSONANCIA MAGNETICA;M545;19
691460373;17/09/2026;NEUZA DE ALMEIDA;74 anos;CONSULTA EM ORTOPEDIA - GERAL;Z099;19
691468866;17/09/2026;WALDILENE GAUBER ORTIZ;41 anos;CONSULTA EM CIRURGIA GERAL;Z099;19
691487949;17/09/2026;JOICE SALETE ROTTAVA DE SOUZA;52 anos;CONSULTA EM CIRURGIA VASCULAR – GERAL;Z099;19
691511767;17/09/2026;MARTA ANDRADE BARBOSA SERPA;61 anos;CONSULTA EM CIRURGIA VASCULAR – GERAL;I739;19
674226420;18/06/2026;ADEMAR FRIEDRICH;57 anos;GRUPO - ULTRASSONOGRAFIA ARTICULACOES;Z00;110
674238967;18/06/2026;SILVIO ROBERTO PROCOPIO DA SILVA;69 anos;GRUPO - RESSONANCIA MAGNETICA;M755;110
685523333;18/08/2026;FRANCISCA DE LIMA;67 anos;CONSULTA EM CIRURGIA VASCULAR – GERAL;Z016;49
685538209;18/08/2026;NARALYA MARIA BENACHIO AMARAL;64 anos;ECOCARDIOGRAMA TRANSTORACICO;Z016;49
685569711;18/08/2026;CAMILA DA SILVA DOS SANTOS;37 anos;TESTE DE ESFORCO OU TESTE ERGOMETRICO;Z016;49
685570605;18/08/2026;CAMILA DA SILVA DOS SANTOS;37 anos;ECOCARDIOGRAMA TRANSTORACICO;Z016;49
685785514;18/08/2026;ELAINE DE OLIVEIRA JORGE;28 anos;CONSULTA EM NUTRICAO;E660;49
691550197;18/09/2026;MARIA EDUARDA SILVA DOS REIS;10 anos;AUDIOMETRIA;H906;18
691553657;18/09/2026;MARCOS SANDRO DE SOUZA;44 anos;CONSULTA EM CARDIOLOGIA;Z099;18
685809503;19/08/2026;MAURICIO FERREIRA DE SOUZA;74 anos;HOLTER 24 HORAS;Z016;48
685809930;19/08/2026;MAURICIO FERREIRA DE SOUZA;74 anos;ULTRA-SONOGRAFIA DOPPLER DE CAROTIDAS E VERTEBRAIS;Z016;48
685819937;19/08/2026;LUCIA DE FREITAS AVELAR;70 anos;ULTRA-SONOGRAFIA DOPPLER DE CAROTIDAS E VERTEBRAIS;R074;48
685820008;19/08/2026;LUCIA DE FREITAS AVELAR;70 anos;MONITORIZACAO AMBULATORIAL DE PRESSAO ARTERIAL (M.A.P.A);R074;48
685822802;19/08/2026;MEIRE DE OLIVEIRA DA SILVA;44 anos;MONITORIZACAO AMBULATORIAL DE PRESSAO ARTERIAL (M.A.P.A);I10;48
685826227;19/08/2026;APARECIDA CLARINDA ZANONI;68 anos;HOLTER 24 HORAS;Z016;48
685828262;19/08/2026;NELITA CONCI DOS SANTOS;65 anos;ULTRA-SONOGRAFIA DOPPLER DE CAROTIDAS E VERTEBRAIS;I050;48
685831649;19/08/2026;MARIA DO SOCORRO MARTINS;70 anos;ULTRA-SONOGRAFIA DOPPLER DE CAROTIDAS E VERTEBRAIS;Z016;48
685832238;19/08/2026;MARIA DO SOCORRO MARTINS;70 anos;ECODOPPLERCARDIOGRAMA COM ESTRESSE FARMACOLOGICO;Z016;48
685835717;19/08/2026;TANIA REGINA RODRIGUES PEREIRA;63 anos;MONITORIZACAO AMBULATORIAL DE PRESSAO ARTERIAL (M.A.P.A);Z016;48
685836327;19/08/2026;TANIA REGINA RODRIGUES PEREIRA;63 anos;TESTE DE ESFORCO OU TESTE ERGOMETRICO;Z016;48
685839495;19/08/2026;TANIA REGINA RODRIGUES PEREIRA;63 anos;ECOCARDIOGRAMA TRANSTORACICO;Z016;48
685852044;19/08/2026;MARIA AMELIA DA COSTA;83 anos;ECOCARDIOGRAMA TRANSTORACICO;I10;48
685852145;19/08/2026;MARIA AMELIA DA COSTA;83 anos;HOLTER 24 HORAS;I10;48
680016980;20/07/2026;CECILIA MARTINEZ VALADARES;4 anos;AUDIOMETRIA;Z016;78
686090527;20/08/2026;MARCELO LUIZ DE BARROS;48 anos;CONSULTA EM CIRURGIA GERAL - PEQ CIRURGIA;Z016;47
686091872;20/08/2026;ARI REZZIERI;80 anos;CONSULTA EM CIRURGIA GERAL - PEQ CIRURGIA;Z00;47
686148096;20/08/2026;MARIA EDUARDA DE SOUZA ARAUJO;19 anos;CONSULTA EM NUTRICAO;E66;47
686167423;20/08/2026;KENNIA DO NASCIMENTO RODRIGUES;39 anos;CONSULTA EM CIRURGIA GERAL - PEQ CIRURGIA;Z00;47
686183594;20/08/2026;GILSON OLIVEIRA ORMANDES;43 anos;CONSULTA EM CIRURGIA GERAL - PEQ CIRURGIA;Z00;47
686188802;20/08/2026;DERONILHA CARDOZO LUCIANO;49 anos;CONSULTA EM NUTRICAO;Z00;47
686248630;20/08/2026;JOSE ALVES DE OLIVEIRA;78 anos;CONSULTA/ATENDIMENTO DOMICILIAR EM FISIOTERAPIA;R268;47
686281240;20/08/2026;ROSA CONCEICAO LUIZ PEREIRA;53 anos;ESPIROMETRIA;Z016;47
686298029;20/08/2026;VALDIR PEREIRA DA SILVA;77 anos;HOLTER 24 HORAS;I250;47
686357538;21/08/2026;DULCINEIA MOCCELIN;45 anos;TESTE DE ESFORCO OU TESTE ERGOMETRICO;Z00;46
686357573;21/08/2026;DULCINEIA MOCCELIN;45 anos;ECOCARDIOGRAMA TRANSTORACICO;Z00;46
686357911;21/08/2026;DULCINEIA MOCCELIN;45 anos;HOLTER 24 HORAS;Z00;46
686364450;21/08/2026;AFONSO MORAIS DUTRA;70 anos;TESTE DE ESFORCO OU TESTE ERGOMETRICO;I250;46
686373668;21/08/2026;SANDRA MARIA PEGORINI;48 anos;MONITORIZACAO AMBULATORIAL DE PRESSAO ARTERIAL (M.A.P.A);I10;46
686373724;21/08/2026;SANDRA MARIA PEGORINI;48 anos;ULTRA-SONOGRAFIA DOPPLER DE CAROTIDAS E VERTEBRAIS;I10;46
686374049;21/08/2026;SANDRA MARIA PEGORINI;48 anos;TESTE DE ESFORCO OU TESTE ERGOMETRICO;I10;46
686376267;21/08/2026;ANTONIO ROBSON DE SOUSA AMORIM;31 anos;ECOCARDIOGRAMA TRANSTORACICO;I10;46
686378307;21/08/2026;JOAO ALMEIDA DE OLIVEIRA;81 anos;CONSULTA EM CARDIOLOGIA;Z00;46
686444792;21/08/2026;MARIA CONCEICAO DIAS BARBOSA SANTANA;48 anos;ECOCARDIOGRAMA TRANSTORACICO;Z016;46
686445452;21/08/2026;MARIA CONCEICAO DIAS BARBOSA SANTANA;48 anos;TESTE DE ESFORCO OU TESTE ERGOMETRICO;Z016;46
686446144;21/08/2026;MARIA CONCEICAO DIAS BARBOSA SANTANA;48 anos;MONITORIZACAO AMBULATORIAL DE PRESSAO ARTERIAL (M.A.P.A);Z016;46
686486365;21/08/2026;DAIANE LAZZARETTI VENSON;39 anos;CONSULTA EM CARDIOLOGIA;Z00;46
686547432;21/08/2026;ARTHUR GUILHERME MOREIRA DE SOUZA;4 anos;CONSULTA EM CARDIOLOGIA - PEDIATRIA;I516;46
686547574;21/08/2026;ARTHUR GUILHERME MOREIRA DE SOUZA;4 anos;ECOCARDIOGRAMA INFANTIL;I516;46
692018887;21/09/2026;HELIO DARCI PLETSCH;70 anos;CONSULTA EM CARDIOLOGIA;Z099;15
692039878;21/09/2026;PRISCILLA RAMOS FONSECA;35 anos;CONSULTA EM CIRURGIA GERAL - PEQ CIRURGIA;L989;15
680645742;22/07/2026;MAITE DECOTHE DE CASTRO;1 ano;ECOCARDIOGRAMA INFANTIL;Z016;76
680645848;22/07/2026;MAITE DECOTHE DE CASTRO;1 ano;CONSULTA EM CARDIOLOGIA - PEDIATRIA;Z016;76
692153543;22/09/2026;LIVANIA DIAS DOURADO;36 anos;CONSULTA EM ORTOPEDIA - GERAL;M511;14
692279279;22/09/2026;LAURA ITO;82 anos;ECOCARDIOGRAMA TRANSTORACICO;I10;14
692281687;22/09/2026;LAURA ITO;82 anos;HOLTER 24 HORAS;I10;14
692293443;22/09/2026;TELMA LUIS VANDES;60 anos;GRUPO - RESSONANCIA MAGNETICA;M503;14
692299814;22/09/2026;APARECIDA DONIZETI DE PAULA MACHADO;69 anos;GRUPO - RESSONANCIA MAGNETICA;M545;14
692303476;22/09/2026;ROSANA LOPEZ DA SILVA;62 anos;GRUPO - RESSONANCIA MAGNETICA;M751;14
692314623;22/09/2026;AGENOR GABRIEL COCOTA;62 anos;CONSULTA EM ORTOPEDIA - GERAL;M513;14
692347355;22/09/2026;SAMYA SILVA FERREIRA;16 anos;CONSULTA EM ORTOPEDIA - GERAL;Z099;14
692359925;22/09/2026;MARIZETE DA SILVA DIVINO;42 anos;CONSULTA EM ORTOPEDIA - GERAL;M545;14
675106044;23/06/2026;SILUANE MARLA DALRI;39 anos;GRUPO - ULTRASSONOGRAFIA ARTICULACOES;M796;105
680912279;24/07/2026;SELVA DA COSTA DELMONDES;75 anos;AUDIOMETRIA;Z016;74
680916442;24/07/2026;MICAELA CANTERO DA MATA;24 anos;AUDIOMETRIA;Z016;74
680932592;24/07/2026;VANILDA DO BELEM DOS SANTOS MATIAS;61 anos;AUDIOMETRIA;Z016;74
686626572;24/08/2026;NAIR CASANOVA;70 anos;MONITORIZACAO AMBULATORIAL DE PRESSAO ARTERIAL (M.A.P.A);I10;43
686631648;24/08/2026;CLECY MARIA RECH DE CEZARO;70 anos;HOLTER 24 HORAS;I500;43
686636238;24/08/2026;LAUDELINA FERREIRA DE JESUS;76 anos;ULTRA-SONOGRAFIA DOPPLER DE CAROTIDAS E VERTEBRAIS;I10;43
686636653;24/08/2026;LAUDELINA FERREIRA DE JESUS;76 anos;MONITORIZACAO AMBULATORIAL DE PRESSAO ARTERIAL (M.A.P.A);I10;43
686637162;24/08/2026;LAUDELINA FERREIRA DE JESUS;76 anos;ECOCARDIOGRAMA TRANSTORACICO;I10;43
686640088;24/08/2026;CREUDES PIRES;74 anos;ULTRA-SONOGRAFIA DOPPLER DE CAROTIDAS E VERTEBRAIS;I10;43
686647230;24/08/2026;MARIA JOSE DE SOUZA DOURADO;76 anos;ULTRA-SONOGRAFIA DOPPLER DE CAROTIDAS E VERTEBRAIS;I10;43
686648856;24/08/2026;ADIR PEREIRA FRANCA;70 anos;CONSULTA EM CARDIOLOGIA;Z00;43
686653059;24/08/2026;ANTONIO CARLOS DANTAS;37 anos;CONSULTA EM GINECOLOGIA - PARA PLANEJAMENTO FAMILIAR;Z00;43
686667774;24/08/2026;IRENE SALVADOR;51 anos;ECODOPPLERCARDIOGRAMA COM ESTRESSE FARMACOLOGICO;I209;43
686835272;24/08/2026;JOAO MIGUEL RODRIGUES DE FIGUEIREDO;6 anos;CONSULTA EM CIRURGIA GERAL - PEQ CIRURGIA;Z00;43
692675594;24/09/2026;VALTER RIBEIRO DE ANDRADE;76 anos;CONSULTA EM CARDIOLOGIA;I110;12
692687745;24/09/2026;CLARICE DE FATIMA OLIVEIRA;66 anos;CONSULTA EM CIRURGIA GERAL - PEQ CIRURGIA;L720;12
692694768;24/09/2026;EURIDES FERRETTI DE AGUIAR;73 anos;CONSULTA EM CARDIOLOGIA;K810;12
692713258;24/09/2026;JOAO MIGUEL DOURADO AMARAL;8 anos;CONSULTA EM CIRURGIA GERAL - PEQ CIRURGIA;Z099;12
692717985;24/09/2026;MARLENE ALVES;46 anos;CONSULTA EM CIRURGIA GERAL - PEQ CIRURGIA;E882;12
692743568;24/09/2026;SUELEN AVELAR FRANCA DE SOUZA;37 anos;CONSULTA EM CIRURGIA VASCULAR – GERAL;Z099;12
692840012;24/09/2026;FAUSTINO INACIO DE OLIVEIRA;80 anos;CONSULTA EM CARDIOLOGIA;I20;12
692844218;24/09/2026;ELIAS CAMPOS DA SILVA;65 anos;CONSULTA EM UROLOGIA - GERAL;Z099;12
692850821;24/09/2026;ANACLETO LUIS DALL AGNOL;66 anos;CONSULTA EM PNEUMOLOGIA - GERAL;Z099;12
692902842;24/09/2026;ANTONELLA SERPA FLEITAS;5 meses;CONSULTA EM CARDIOLOGIA - PEDIATRIA;I37;12
687124891;25/08/2026;ALBA LUIZ FRANCA;75 anos;HOLTER 24 HORAS;Z00;42
687125169;25/08/2026;ALBA LUIZ FRANCA;75 anos;MONITORIZACAO AMBULATORIAL DE PRESSAO ARTERIAL (M.A.P.A);Z00;42
692930889;25/09/2026;MATEUS MARCOS ALVES FARIAS;36 anos;TESTE DE ESFORCO OU TESTE ERGOMETRICO;M546;11
692931060;25/09/2026;MATEUS MARCOS ALVES FARIAS;36 anos;ECOCARDIOGRAMA TRANSTORACICO;M546;11
692937367;25/09/2026;JOSE BENTO SEVERINO;78 anos;ULTRA-SONOGRAFIA DOPPLER DE CAROTIDAS E VERTEBRAIS;I10;11
692937737;25/09/2026;JOSE BENTO SEVERINO;78 anos;TESTE DE ESFORCO OU TESTE ERGOMETRICO;I10;11
692938056;25/09/2026;JOSE BENTO SEVERINO;78 anos;ECOCARDIOGRAMA TRANSTORACICO;I10;11
692938463;25/09/2026;JOSE BENTO SEVERINO;78 anos;MONITORIZACAO AMBULATORIAL DE PRESSAO ARTERIAL (M.A.P.A);I10;11
692939205;25/09/2026;LUIZ ONEIDE DO NASCIMENTO ALVES;69 anos;AUDIOMETRIA;H931;11
692941411;25/09/2026;HENZO GABRYEL ROCHA SALES;8 anos;CONSULTA EM OTORRINOLARINGOLOGIA;Z099;11
692941597;25/09/2026;NEDIR SENA VANDES;59 anos;CONSULTA EM CIRURGIA GERAL;Z099;11
692953390;25/09/2026;ANGELA DE OLIVEIRA RIBEIRO DA SILVA;49 anos;CONSULTA EM PNEUMOLOGIA - GERAL;Z099;11
692958784;25/09/2026;ANTONIO DE OLIVEIRA SOUZA;74 anos;CONSULTA EM PNEUMOLOGIA - GERAL;J448;11
692968235;25/09/2026;LUZIA ALVES PANIAGO;71 anos;CONSULTA EM CARDIOLOGIA;Z099;11
693009236;25/09/2026;MARIA AMELIA DE ARAUJO SILVA ESTEVAM;56 anos;CONSULTA EM ORTOPEDIA - GERAL;Z099;11
693024125;25/09/2026;ELIANA AMARAL VIEIRA;51 anos;CONSULTA EM CIRURGIA GERAL - PEQ CIRURGIA;Z099;11
693034384;25/09/2026;RAQUEL DE CASSIA BOSCHETTI;44 anos;CONSULTA EM CIRURGIA VASCULAR – GERAL;I83;11
693037676;25/09/2026;MAITE GOMES FLORES;2 anos;CONSULTA EM PNEUMOLOGIA - GERAL;Z099;11
687196358;26/08/2026;LISETE MARIA DE SOUZA;66 anos;MONITORIZACAO AMBULATORIAL DE PRESSAO ARTERIAL (M.A.P.A);Z016;41
687214551;26/08/2026;ANESIA GONCALVES DE BRITO;72 anos;ULTRA-SONOGRAFIA DOPPLER DE CAROTIDAS E VERTEBRAIS;Z016;41
687240823;26/08/2026;MARINEZ OLIVO SILIPRANDI;68 anos;ULTRA-SONOGRAFIA DOPPLER DE CAROTIDAS E VERTEBRAIS;Z016;41
687285662;26/08/2026;GETRUDES PEREIRA DE ASSIS MONTESSI;64 anos;CONSULTA EM CIRURGIA VASCULAR – GERAL;Z016;41
687306304;26/08/2026;LUIZ ALBERTO GENTILE;65 anos;CONSULTA EM CARDIOLOGIA;Z016;41
687410048;26/08/2026;WALDECY REGIA DA SILVA BRAGA;67 anos;CONSULTA EM ORTOPEDIA - GERAL;Z00;41
681257607;27/07/2026;MAURICIO FERREIRA DE SOUZA;74 anos;AUDIOMETRIA;Z00;71
687525394;27/08/2026;HYGOR BARRETO MENEGUELLI;21 anos;ECOCARDIOGRAMA TRANSTORACICO;Q90;40
687571957;27/08/2026;ISAIAS IVAN DA SILVA SANTOS;35 anos;ECOCARDIOGRAMA TRANSTORACICO;D57;40
687714123;27/08/2026;TELMA LUIS VANDES;60 anos;CONSULTA EM CARDIOLOGIA;I10;40
687719163;27/08/2026;ROGERIO DOS SANTOS FERREIRA;47 anos;CONSULTA EM CIRURGIA VASCULAR – GERAL;Z00;40
687720821;27/08/2026;TEREZINHA MARQUES DE BARROS DO NASCIMENTO;69 anos;MONITORIZACAO AMBULATORIAL DE PRESSAO ARTERIAL (M.A.P.A);I10;40
687720863;27/08/2026;TEREZINHA MARQUES DE BARROS DO NASCIMENTO;69 anos;HOLTER 24 HORAS;R074;40
687722823;27/08/2026;JULIETA BORNHOLDT;81 anos;ECOCARDIOGRAMA TRANSTORACICO;R002;40
687722849;27/08/2026;JULIETA BORNHOLDT;81 anos;TESTE DE ESFORCO OU TESTE ERGOMETRICO;R002;40
687722984;27/08/2026;JULIETA BORNHOLDT;81 anos;ULTRA-SONOGRAFIA DOPPLER DE CAROTIDAS E VERTEBRAIS;R002;40
687723098;27/08/2026;JULIETA BORNHOLDT;81 anos;HOLTER 24 HORAS;R002;40
687730183;27/08/2026;ANDERSON BERNARDO;34 anos;HOLTER 24 HORAS;R074;40
687746693;28/08/2026;EDUARDO SOUZA PIRES;20 anos;AUDIOMETRIA;H906;39
687757001;28/08/2026;IHASMYM GABRIELLY MENDES PITA;17 anos;AUDIOMETRIA;H906;39
687762804;28/08/2026;GUSTAVO DA SILVA CORREA;17 anos;CONSULTA EM CARDIOLOGIA;Z00;39
687765879;28/08/2026;AMALIA MEIRA;98 anos;AUDIOMETRIA;H906;39
687793439;28/08/2026;JUAREZ DOS SANTOS;66 anos;ULTRA-SONOGRAFIA DOPPLER DE CAROTIDAS E VERTEBRAIS;I340;39
687793789;28/08/2026;JUAREZ DOS SANTOS;66 anos;HOLTER 24 HORAS;I340;39
687795756;28/08/2026;FRANCISCA MARQUES DE BARROS DE OMENA;72 anos;TESTE DE ESFORCO OU TESTE ERGOMETRICO;R060;39
687801951;28/08/2026;ELSA BISCHOFF GAI;80 anos;CONSULTA EM NUTRICAO;E14;39
687831522;28/08/2026;EUDALIA SABINA CORREA DA SILVA;34 anos;TESTE DE ESFORCO OU TESTE ERGOMETRICO;I10;39
687831577;28/08/2026;EUDALIA SABINA CORREA DA SILVA;34 anos;ECOCARDIOGRAMA TRANSTORACICO;I10;39
687832004;28/08/2026;EUDALIA SABINA CORREA DA SILVA;34 anos;ULTRA-SONOGRAFIA DOPPLER DE CAROTIDAS E VERTEBRAIS;I10;39
675923651;29/06/2026;LUIZ MOREIRA DA SILVA;73 anos;CONSULTA EM CIRURGIA VASCULAR – GERAL;Z016;99
682159217;30/07/2026;MARIA GOMES;81 anos;TESTE DE ESFORCO OU TESTE ERGOMETRICO;Z016;68
682185719;30/07/2026;DORALINA SARAT;57 anos;AUDIOMETRIA;Z016;68
693781945;30/09/2026;MARIA DE NAZARE GARCIA BOTELHO;55 anos;ECOCARDIOGRAMA TRANSTORACICO;Z016;6
693782345;30/09/2026;MARIA DE NAZARE GARCIA BOTELHO;55 anos;TESTE DE ESFORCO OU TESTE ERGOMETRICO;Z016;6
693785894;30/09/2026;JOANA DARC RAMOS DE AMORIM;49 anos;CONSULTA EM CIRURGIA VASCULAR – GERAL;Z016;6
693791030;30/09/2026;AURILENE SILVEIRA DE LARA DA SILVA;66 anos;ECOCARDIOGRAMA TRANSTORACICO;I10;6
693791118;30/09/2026;AURILENE SILVEIRA DE LARA DA SILVA;66 anos;TESTE DE ESFORCO OU TESTE ERGOMETRICO;I10;6
693791467;30/09/2026;ILDA ALVES DA SILVA;63 anos;TESTE DE ESFORCO OU TESTE ERGOMETRICO;Z000;6
693791480;30/09/2026;AURILENE SILVEIRA DE LARA DA SILVA;66 anos;ULTRA-SONOGRAFIA DOPPLER DE CAROTIDAS E VERTEBRAIS;I10;6
693791640;30/09/2026;ILDA ALVES DA SILVA;63 anos;ECOCARDIOGRAMA TRANSTORACICO;Z000;6
693802286;30/09/2026;DAVID LIMA DE JESUS;66 anos;MONITORIZACAO AMBULATORIAL DE PRESSAO ARTERIAL (M.A.P.A);I10;6
693807883;30/09/2026;MARIA APARECIDA DA SILVA;57 anos;ECOCARDIOGRAMA TRANSTORACICO;Z000;6
693808463;30/09/2026;MARIA APARECIDA DA SILVA;57 anos;ULTRA-SONOGRAFIA DOPPLER DE CAROTIDAS E VERTEBRAIS;Z000;6
693808698;30/09/2026;MARIA APARECIDA DA SILVA;57 anos;TESTE DE ESFORCO OU TESTE ERGOMETRICO;Z000;6
693816057;30/09/2026;MARCO ANTONIO DE FREITAS MARQUES;54 anos;TESTE DE ESFORCO OU TESTE ERGOMETRICO;I10;6
693816569;30/09/2026;MARCO ANTONIO DE FREITAS MARQUES;54 anos;ULTRA-SONOGRAFIA DOPPLER DE CAROTIDAS E VERTEBRAIS;I10;6
693816771;30/09/2026;MARCO ANTONIO DE FREITAS MARQUES;54 anos;ECOCARDIOGRAMA TRANSTORACICO;I10;6
693820933;30/09/2026;LOURIVAL FORMIGONI;78 anos;CONSULTA EM CARDIOLOGIA;Z099;6
693826907;30/09/2026;DIONELIS MANTOVANI;45 anos;CONSULTA EM UROLOGIA - GERAL;Z099;6
693834794;30/09/2026;EVA MARIA GIACOMINI;67 anos;TESTE DE ESFORCO OU TESTE ERGOMETRICO;R42;6
693835248;30/09/2026;EVA MARIA GIACOMINI;67 anos;HOLTER 24 HORAS;R42;6
693835805;30/09/2026;FRANCISCO PEREIRA DA CUNHA;50 anos;CONSULTA EM ORTOPEDIA - GERAL;M511;6
693835869;30/09/2026;EVA MARIA GIACOMINI;67 anos;ULTRA-SONOGRAFIA DOPPLER DE CAROTIDAS E VERTEBRAIS;R42;6
693838759;30/09/2026;MARIA ELVIRA DOS SANTOS;68 anos;CONSULTA EM PNEUMOLOGIA - GERAL;Z099;6
693841733;30/09/2026;GENI FRANCISCA DE SOUZA XAVIER;64 anos;ECODOPPLERCARDIOGRAMA COM ESTRESSE FARMACOLOGICO;I10;6
693847203;30/09/2026;LAZINHA APARECIDA ARRUDA;62 anos;ULTRA-SONOGRAFIA DOPPLER DE CAROTIDAS E VERTEBRAIS;I250;6
693847969;30/09/2026;LAZINHA APARECIDA ARRUDA;62 anos;TESTE DE ESFORCO OU TESTE ERGOMETRICO;I10;6
693853952;30/09/2026;MARIA SONIA DOS SANTOS;67 anos;ECOCARDIOGRAMA TRANSTORACICO;I10;6
693854456;30/09/2026;MARIA SONIA DOS SANTOS;67 anos;ULTRA-SONOGRAFIA DOPPLER DE CAROTIDAS E VERTEBRAIS;I10;6
693865770;30/09/2026;DIONELIS MANTOVANI;45 anos;CONSULTA EM ORTOPEDIA - GERAL;Z099;6
693868420;30/09/2026;HELENA MERCEDES DOS SANTOS PINHEIRO;57 anos;ECOCARDIOGRAMA TRANSTORACICO;I10;6
693868674;30/09/2026;HELENA MERCEDES DOS SANTOS PINHEIRO;57 anos;TESTE DE ESFORCO OU TESTE ERGOMETRICO;I10;6
693869147;30/09/2026;HELENA MERCEDES DOS SANTOS PINHEIRO;57 anos;MONITORIZACAO AMBULATORIAL DE PRESSAO ARTERIAL (M.A.P.A);I10;6
693874398;30/09/2026;CANDIDA FELICIANO DE MIRANDA MELO;78 anos;MONITORIZACAO AMBULATORIAL DE PRESSAO ARTERIAL (M.A.P.A);I10;6
693874905;30/09/2026;CANDIDA FELICIANO DE MIRANDA MELO;78 anos;HOLTER 24 HORAS;I10;6
693875194;30/09/2026;CANDIDA FELICIANO DE MIRANDA MELO;78 anos;ECOCARDIOGRAMA TRANSTORACICO;I10;6
693875482;30/09/2026;CANDIDA FELICIANO DE MIRANDA MELO;78 anos;TESTE DE ESFORCO OU TESTE ERGOMETRICO;I10;6
693877385;30/09/2026;RAQUEL TEREZINHA RODRIGUES DA SILVA;53 anos;CONSULTA EM CIRURGIA VASCULAR – GERAL;Z099;6
693880509;30/09/2026;IVONE DE LIMA TELES BRAGA;50 anos;CONSULTA EM CARDIOLOGIA;Z099;6
693950281;30/09/2026;MATEUS DA SILVA SANTOS;19 anos;CONSULTA EM UROLOGIA - GERAL;Z099;6
693962169;30/09/2026;LUIZ AUGUSTO BORBA GARBINI;66 anos;CONSULTA EM CIRURGIA VASCULAR – GERAL;Z099;6
693972637;30/09/2026;CLAUDIA APARECIDA MARTINS VESPERO;56 anos;ECOCARDIOGRAMA TRANSTORACICO;Z099;6
693972767;30/09/2026;CLAUDIA APARECIDA MARTINS VESPERO;56 anos;MONITORIZACAO AMBULATORIAL DE PRESSAO ARTERIAL (M.A.P.A);Z099;6
693995892;30/09/2026;ALIANNY NAZARETH CANELON ROMERO;24 anos;CONSULTA EM CIRURGIA GERAL;Z00;6
694007743;30/09/2026;SERGIO PEDRO DA SILVA;64 anos;CONSULTA EM PNEUMOLOGIA - GERAL;Z099;6
694022046;30/09/2026;IRENEU KOWALESKI;81 anos;TESTE DE ESFORCO OU TESTE ERGOMETRICO;I10;6
694022072;30/09/2026;IRENEU KOWALESKI;81 anos;ECOCARDIOGRAMA TRANSTORACICO;I10;6
682244787;31/07/2026;OLESIO GALDINO OLIVEIRA;50 anos;AUDIOMETRIA;Z016;67
682246171;31/07/2026;JOSIANE APARECIDA FERNANDES NERY;41 anos;AUDIOMETRIA;Z016;67
682253999;31/07/2026;ANGELIN PEDRO DE SOUZA;73 anos;AUDIOMETRIA;Z016;67
688058873;31/08/2026;EDILSON VALDEVINO SOUZA DO NASCIMENTO;56 anos;CONSULTA EM CIRURGIA GERAL - PEQ CIRURGIA;Z00;36
688061260;31/08/2026;PATRICIA MICHALSKI RODRIGUES;38 anos;HOLTER 24 HORAS;Z00;36
688061662;31/08/2026;PATRICIA MICHALSKI RODRIGUES;38 anos;ECOCARDIOGRAMA TRANSTORACICO;Z00;36
688066193;31/08/2026;SIDNEI PEREIRA TEIXEIRA;39 anos;HOLTER 24 HORAS;Z00;36
688066305;31/08/2026;SIDNEI PEREIRA TEIXEIRA;39 anos;TESTE DE ESFORCO OU TESTE ERGOMETRICO;Z00;36
688066660;31/08/2026;SIDNEI PEREIRA TEIXEIRA;39 anos;ULTRA-SONOGRAFIA DOPPLER DE CAROTIDAS E VERTEBRAIS;Z00;36
688078753;31/08/2026;EDSON ROCHA DA SILVA;45 anos;ECOCARDIOGRAMA TRANSTORACICO;Z016;36
688079203;31/08/2026;EDSON ROCHA DA SILVA;45 anos;TESTE DE ESFORCO OU TESTE ERGOMETRICO;Z016;36
688093474;31/08/2026;LEIDI EVERLI ALVES FERREIRA MATTOSO;31 anos;ECOCARDIOGRAMA TRANSTORACICO;I10;36
688093545;31/08/2026;LEIDI EVERLI ALVES FERREIRA MATTOSO;31 anos;MONITORIZACAO AMBULATORIAL DE PRESSAO ARTERIAL (M.A.P.A);I10;36
688093912;31/08/2026;LEIDI EVERLI ALVES FERREIRA MATTOSO;31 anos;TESTE DE ESFORCO OU TESTE ERGOMETRICO;I10;36
688101983;31/08/2026;MARIA CARDOZO GONCALVES DA SILVA;61 anos;HOLTER 24 HORAS;I10;36
688102980;31/08/2026;MARIA CARDOZO GONCALVES DA SILVA;61 anos;TESTE DE ESFORCO OU TESTE ERGOMETRICO;I10;36
688103035;31/08/2026;MARIA CARDOZO GONCALVES DA SILVA;61 anos;ECOCARDIOGRAMA TRANSTORACICO;I10;36
688106400;31/08/2026;ALINE RODRIGUES PORTO;31 anos;TESTE DE ESFORCO OU TESTE ERGOMETRICO;Z712;36
688106438;31/08/2026;ALINE RODRIGUES PORTO;31 anos;ECOCARDIOGRAMA TRANSTORACICO;Z712;36
688112358;31/08/2026;ANTHONY CARLOS GRANDO;8 anos;ECOCARDIOGRAMA TRANSTORACICO;Q211;36
688122990;31/08/2026;GILMAR JOSE ZANONI;67 anos;MONITORIZACAO AMBULATORIAL DE PRESSAO ARTERIAL (M.A.P.A);I10;36
688123106;31/08/2026;GILMAR JOSE ZANONI;67 anos;TESTE DE ESFORCO OU TESTE ERGOMETRICO;I10;36
688123191;31/08/2026;GILMAR JOSE ZANONI;67 anos;ECOCARDIOGRAMA TRANSTORACICO;I10;36
688131601;31/08/2026;ANTONIO MARCOS VIANNA;49 anos;TESTE DE ESFORCO OU TESTE ERGOMETRICO;I10;36
688131676;31/08/2026;ANTONIO MARCOS VIANNA;49 anos;ECOCARDIOGRAMA TRANSTORACICO;I10;36
688201225;31/08/2026;JOSIAS LUIZ MENNA BARRETO;68 anos;CONSULTA EM CIRURGIA VASCULAR – GERAL;I839;36
688221505;31/08/2026;GIVANILDO ALVES CARRIJO;49 anos;TESTE DE ESFORCO OU TESTE ERGOMETRICO;Z016;36
688221893;31/08/2026;GIVANILDO ALVES CARRIJO;49 anos;ULTRA-SONOGRAFIA DOPPLER DE CAROTIDAS E VERTEBRAIS;Z016;36
688222274;31/08/2026;GIVANILDO ALVES CARRIJO;49 anos;MONITORIZACAO AMBULATORIAL DE PRESSAO ARTERIAL (M.A.P.A);Z016;36
688226969;31/08/2026;ELIANA ASSIS DE SOUZA;48 anos;ECOCARDIOGRAMA TRANSTORACICO;Z016;36
